id,longitude,lagitude,depth,mag,place,time,updated,tz,url,detail,felt,cdi,mmi,alert,status,tsunami,sig,net,code,ids,sources,types,nst,dmin,rms,gap,magType,type,title
nn00904899,-118.727,38.8705,7.0,1.7,"11 km SE of Schurz, Nevada",1758670741922,1758670905755,,https://earthquake.usgs.gov/earthquakes/eventpage/nn00904899,https://earthquake.usgs.gov/earthquakes/feed/v1.0/detail/nn00904899.geojson,,,,,automatic,0,44,nn,00904899,",nn00904899,",",nn,",",origin,phase-data,",14,0.416,0.1303,114.73000000000002,ml,earthquake,"M 1.7 - 11 km SE of Schurz, Nevada"
tx2025suggen,-99.125,28.869,7.8241,2.5,"3 km SSW of West Pearsall, Texas",1758670333346,1758670554687,,https://earthquake.usgs.gov/earthquakes/eventpage/tx2025suggen,https://earthquake.usgs.gov/earthquakes/feed/v1.0/detail/tx2025suggen.geojson,,,,,automatic,0,96,tx,2025suggen,",tx2025suggen,",",tx,",",origin,phase-data,",15,0.4,0.5,80.0,ml,earthquake,"M 2.5 - 3 km SSW of West Pearsall, Texas"
ci40449202,-116.7375,33.946,14.28,1.15,"6 km NE of Cabazon, CA",1758670276650,1758670583954,,https://earthquake.usgs.gov/earthquakes/eventpage/ci40449202,https://earthquake.usgs.gov/earthquakes/feed/v1.0/detail/ci40449202.geojson,,,,,automatic,0,20,ci,40449202,",ci40449202,",",ci,",",nearby-cities,origin,phase-data,scitech-link,",43,0.1064,0.15,35.0,ml,earthquake,"M 1.2 - 6 km NE of Cabazon, CA"
ci40449194,-116.7673333,33.6833333,12.94,0.87,"8 km SW of Idyllwild, CA",1758670234310,1758670460616,,https://earthquake.usgs.gov/earthquakes/eventpage/ci40449194,https://earthquake.usgs.gov/earthquakes/feed/v1.0/detail/ci40449194.geojson,,,,,automatic,0,12,ci,40449194,",ci40449194,",",ci,",",nearby-cities,origin,phase-data,scitech-link,",27,0.05547,0.13,73.0,ml,earthquake,"M 0.9 - 8 km SW of Idyllwild, CA"
ak025c8atdbk,-148.5002,61.9958,20.6,1.3,"22 km N of Chickaloon, Alaska",1758670118881,1758670229032,,https://earthquake.usgs.gov/earthquakes/eventpage/ak025c8atdbk,https://earthquake.usgs.gov/earthquakes/feed/v1.0/detail/ak025c8atdbk.geojson,,,,,automatic,0,26,ak,025c8atdbk,",ak025c8atdbk,",",ak,",",origin,phase-data,",,,0.4,,ml,earthquake,"M 1.3 - 22 km N of Chickaloon, Alaska"
ak025c8apw1i,-147.5126,64.9447,0.0,1.3,"5 km ESE of Fox, Alaska",1758669135269,1758669240107,,https://earthquake.usgs.gov/earthquakes/eventpage/ak025c8apw1i,https://earthquake.usgs.gov/earthquakes/feed/v1.0/detail/ak025c8apw1i.geojson,,,,,automatic,0,26,ak,025c8apw1i,",ak025c8apw1i,",",ak,",",origin,phase-data,",,,0.78,,ml,earthquake,"M 1.3 - 5 km ESE of Fox, Alaska"
nc75241147,-122.782997131348,38.8373336791992,1.8400000333786,0.69,"5 km WNW of Cobb, CA",1758669027910,1758669122406,,https://earthquake.usgs.gov/earthquakes/eventpage/nc75241147,https://earthquake.usgs.gov/earthquakes/feed/v1.0/detail/nc75241147.geojson,,,,,automatic,0,7,nc,75241147,",nc75241147,",",nc,",",nearby-cities,origin,phase-data,",10,0.005837,0.01,105.0,md,earthquake,"M 0.7 - 5 km WNW of Cobb, CA"
tx2025suflgs,-99.153,28.919,10.2276,2.3,"4 km WNW of West Pearsall, Texas",1758668875607,1758669033659,,https://earthquake.usgs.gov/earthquakes/eventpage/tx2025suflgs,https://earthquake.usgs.gov/earthquakes/feed/v1.0/detail/tx2025suflgs.geojson,,,,,automatic,0,81,tx,2025suflgs,",tx2025suflgs,",",tx,",",origin,phase-data,",7,0.4,0.3,239.0,ml,earthquake,"M 2.3 - 4 km WNW of West Pearsall, Texas"
ci40449178,-115.9418333,33.1326667,7.14,0.9,"18 km E of Ocotillo Wells, CA",1758667699100,1758667941089,,https://earthquake.usgs.gov/earthquakes/eventpage/ci40449178,https://earthquake.usgs.gov/earthquakes/feed/v1.0/detail/ci40449178.geojson,,,,,automatic,0,12,ci,40449178,",ci40449178,",",ci,",",nearby-cities,origin,phase-data,scitech-link,",32,0.05065,0.18,56.0,ml,earthquake,"M 0.9 - 18 km E of Ocotillo Wells, CA"
nc75241132,-122.782333374023,38.8368339538574,1.85000002384186,1.83,"5 km WNW of Cobb, CA",1758667572670,1758669441978,,https://earthquake.usgs.gov/earthquakes/eventpage/nc75241132,https://earthquake.usgs.gov/earthquakes/feed/v1.0/detail/nc75241132.geojson,1,2.7,,,automatic,0,52,nc,75241132,",nc75241132,",",nc,",",dyfi,nearby-cities,origin,phase-data,scitech-link,",32,0.006451,0.03,66.0,md,earthquake,"M 1.8 - 5 km WNW of Cobb, CA"
us6000rcfc,28.1021,39.1972,12.124,4.6,"8 km SW of Sındırgı, Turkey",1758666469245,1758668902198,,https://earthquake.usgs.gov/earthquakes/eventpage/us6000rcfc,https://earthquake.usgs.gov/earthquakes/feed/v1.0/detail/us6000rcfc.geojson,1,2.0,,,reviewed,0,326,us,6000rcfc,",us6000rcfc,",",us,",",dyfi,moment-tensor,origin,phase-data,",36,0.939,0.87,44.0,mww,earthquake,"M 4.6 - 8 km SW of Sındırgı, Turkey"
tx2025sudpqe,-101.039,32.123,8.052,1.8,"25 km S of Westbrook, Texas",1758665558810,1758669521075,,https://earthquake.usgs.gov/earthquakes/eventpage/tx2025sudpqe,https://earthquake.usgs.gov/earthquakes/feed/v1.0/detail/tx2025sudpqe.geojson,,,,,automatic,0,50,tx,2025sudpqe,",tx2025sudpqe,",",tx,",",origin,phase-data,",13,0.2,0.5,154.0,mlv,earthquake,"M 1.8 - 25 km S of Westbrook, Texas"
tx2025sudkvn,-104.481,31.612,2.6678,1.9,"63 km S of Whites City, New Mexico",1758665255212,1758668497611,,https://earthquake.usgs.gov/earthquakes/eventpage/tx2025sudkvn,https://earthquake.usgs.gov/earthquakes/feed/v1.0/detail/tx2025sudkvn.geojson,,,,,automatic,0,56,tx,2025sudkvn,",tx2025sudkvn,",",tx,",",origin,phase-data,",29,0.1,0.4,200.0,ml,earthquake,"M 1.9 - 63 km S of Whites City, New Mexico"
nc75241122,-122.75316619873,38.7936668395996,0.629999995231628,1.08,"2 km NNE of The Geysers, CA",1758665217780,1758666739675,,https://earthquake.usgs.gov/earthquakes/eventpage/nc75241122,https://earthquake.usgs.gov/earthquakes/feed/v1.0/detail/nc75241122.geojson,,,,,automatic,0,18,nc,75241122,",nc75241122,",",nc,",",nearby-cities,origin,phase-data,scitech-link,",8,0.008628,0.01,104.0,md,earthquake,"M 1.1 - 2 km NNE of The Geysers, CA"
nc75241117,-122.779830932617,38.8026657104492,0.800000011920929,0.75,"3 km NNW of The Geysers, CA",1758665206560,1758666136593,,https://earthquake.usgs.gov/earthquakes/eventpage/nc75241117,https://earthquake.usgs.gov/earthquakes/feed/v1.0/detail/nc75241117.geojson,,,,,automatic,0,9,nc,75241117,",nc75241117,",",nc,",",nearby-cities,origin,phase-data,scitech-link,",10,0.0106,0.02,112.0,md,earthquake,"M 0.8 - 3 km NNW of The Geysers, CA"
us6000rcf7,127.1634,3.8617,43.606,4.5,"253 km NNW of Tobelo, Indonesia",1758665030995,1758666277040,,https://earthquake.usgs.gov/earthquakes/eventpage/us6000rcf7,https://earthquake.usgs.gov/earthquakes/feed/v1.0/detail/us6000rcf7.geojson,,,,,reviewed,0,312,us,6000rcf7,",us6000rcf7,",",us,",",origin,phase-data,",23,1.89,0.29,171.0,mb,earthquake,"M 4.5 - 253 km NNW of Tobelo, Indonesia"
tx2025suczof,-102.046,32.408,5.6734,1.1,"33 km WSW of Ackerly, Texas",1758664440839,1758669518073,,https://earthquake.usgs.gov/earthquakes/eventpage/tx2025suczof,https://earthquake.usgs.gov/earthquakes/feed/v1.0/detail/tx2025suczof.geojson,,,,,automatic,0,19,tx,2025suczof,",tx2025suczof,",",tx,",",origin,phase-data,",31,0.0,0.4,67.0,mlv,earthquake,"M 1.1 - 33 km WSW of Ackerly, Texas"
us6000rcf5,-89.3067,11.9628,10.0,5.0,"167 km SSW of Puerto El Triunfo, El Salvador",1758664335710,1758665066040,,https://earthquake.usgs.gov/earthquakes/eventpage/us6000rcf5,https://earthquake.usgs.gov/earthquakes/feed/v1.0/detail/us6000rcf5.geojson,,,,,reviewed,0,385,us,6000rcf5,",us6000rcf5,",",us,",",origin,phase-data,",53,1.776,0.74,152.0,mww,earthquake,"M 5.0 - 167 km SSW of Puerto El Triunfo, El Salvador"
ci40449130,-117.7903333,35.3615,6.76,0.79,"14 km W of Johannesburg, CA",1758664159430,1758664370214,,https://earthquake.usgs.gov/earthquakes/eventpage/ci40449130,https://earthquake.usgs.gov/earthquakes/feed/v1.0/detail/ci40449130.geojson,,,,,automatic,0,10,ci,40449130,",ci40449130,",",ci,",",nearby-cities,origin,phase-data,scitech-link,",26,0.1043,0.14,73.0,ml,earthquake,"M 0.8 - 14 km W of Johannesburg, CA"
ci40449114,-116.4583333,32.9543333,8.43,0.83,"16 km NNE of Pine Valley, CA",1758663913860,1758664140674,,https://earthquake.usgs.gov/earthquakes/eventpage/ci40449114,https://earthquake.usgs.gov/earthquakes/feed/v1.0/detail/ci40449114.geojson,,,,,automatic,0,11,ci,40449114,",ci40449114,",",ci,",",nearby-cities,origin,phase-data,scitech-link,",24,0.04372,0.15,70.0,ml,earthquake,"M 0.8 - 16 km NNE of Pine Valley, CA"
nc75241102,-122.793334960938,38.8084983825684,3.21000003814697,0.61,"5 km NNW of The Geysers, CA",1758663358080,1758665239486,,https://earthquake.usgs.gov/earthquakes/eventpage/nc75241102,https://earthquake.usgs.gov/earthquakes/feed/v1.0/detail/nc75241102.geojson,,,,,automatic,0,6,nc,75241102,",nc75241102,",",nc,",",nearby-cities,origin,phase-data,scitech-link,",10,0.001626,0.01,55.0,md,earthquake,"M 0.6 - 5 km NNW of The Geysers, CA"
tx2025sucgjo,-101.041,32.12,1.991,1.6,"26 km S of Westbrook, Texas",1758663214470,1758669516548,,https://earthquake.usgs.gov/earthquakes/eventpage/tx2025sucgjo,https://earthquake.usgs.gov/earthquakes/feed/v1.0/detail/tx2025sucgjo.geojson,,,,,automatic,0,39,tx,2025sucgjo,",tx2025sucgjo,",",tx,",",origin,phase-data,",21,0.2,0.3,82.0,mlv,earthquake,"M 1.6 - 26 km S of Westbrook, Texas"
nc75241097,-120.597999572754,36.0313339233398,2.40000009536743,1.65,"21 km NW of Parkfield, CA",1758662704080,1758664339365,,https://earthquake.usgs.gov/earthquakes/eventpage/nc75241097,https://earthquake.usgs.gov/earthquakes/feed/v1.0/detail/nc75241097.geojson,,,,,automatic,0,42,nc,75241097,",nc75241097,",",nc,",",nearby-cities,origin,phase-data,scitech-link,",13,0.03742,0.1,111.0,md,earthquake,"M 1.7 - 21 km NW of Parkfield, CA"
tx2025subudq,-101.676,32.123,3.8865,1.6,"10 km E of Stanton, Texas",1758662454728,1758669514553,,https://earthquake.usgs.gov/earthquakes/eventpage/tx2025subudq,https://earthquake.usgs.gov/earthquakes/feed/v1.0/detail/tx2025subudq.geojson,,,,,automatic,0,39,tx,2025subudq,",tx2025subudq,",",tx,",",origin,phase-data,",65,0.0,0.4,45.0,mlv,earthquake,"M 1.6 - 10 km E of Stanton, Texas"
ci40449090,-116.9803333,33.9838333,17.47,1.55,"6 km N of Beaumont, CA",1758661659750,1758670504489,,https://earthquake.usgs.gov/earthquakes/eventpage/ci40449090,https://earthquake.usgs.gov/earthquakes/feed/v1.0/detail/ci40449090.geojson,,,,,reviewed,0,37,ci,40449090,",ci40449090,",",ci,",",nearby-cities,origin,phase-data,scitech-link,",59,0.06228,0.17,25.0,ml,earthquake,"M 1.6 - 6 km N of Beaumont, CA"
ci40449082,-116.9878333,33.9835,17.54,1.41,"6 km E of Calimesa, CA",1758661655790,1758671316571,,https://earthquake.usgs.gov/earthquakes/eventpage/ci40449082,https://earthquake.usgs.gov/earthquakes/feed/v1.0/detail/ci40449082.geojson,,,,,reviewed,0,31,ci,40449082,",ci40449082,",",ci,",",nearby-cities,origin,phase-data,scitech-link,",16,0.1531,0.08,73.0,ml,earthquake,"M 1.4 - 6 km E of Calimesa, CA"
nc75241087,-122.801666259766,38.8358345031738,2.23000001907349,1.24,"7 km WNW of Cobb, CA",1758661436310,1758670651231,,https://earthquake.usgs.gov/earthquakes/eventpage/nc75241087,https://earthquake.usgs.gov/earthquakes/feed/v1.0/detail/nc75241087.geojson,,,,,automatic,0,24,nc,75241087,",nc75241087,",",nc,",",nearby-cities,origin,phase-data,scitech-link,",20,0.009209,0.02,83.0,md,earthquake,"M 1.2 - 7 km WNW of Cobb, CA"
nc75241077,-122.252670288086,37.875,8.5600004196167,1.5,"2 km E of Berkeley, CA",1758661016870,1758669138939,,https://earthquake.usgs.gov/earthquakes/eventpage/nc75241077,https://earthquake.usgs.gov/earthquakes/feed/v1.0/detail/nc75241077.geojson,2,2.0,,,automatic,0,35,nc,75241077,",nc75241077,",",nc,",",dyfi,nearby-cities,origin,phase-data,scitech-link,",25,0.00391,0.05,52.0,md,earthquake,"M 1.5 - 2 km E of Berkeley, CA"
nc75241072,-122.77783203125,38.8028335571289,3.25999999046326,0.82,"3 km NNW of The Geysers, CA",1758660965920,1758662540145,,https://earthquake.usgs.gov/earthquakes/eventpage/nc75241072,https://earthquake.usgs.gov/earthquakes/feed/v1.0/detail/nc75241072.geojson,,,,,automatic,0,10,nc,75241072,",nc75241072,",",nc,",",nearby-cities,origin,phase-data,scitech-link,",12,0.01065,0.02,69.0,md,earthquake,"M 0.8 - 3 km NNW of The Geysers, CA"
uu80117966,-111.324666666667,39.6096666666667,10.57,1.74,"10 km E of Fairview, Utah",1758660737100,1758661747650,,https://earthquake.usgs.gov/earthquakes/eventpage/uu80117966,https://earthquake.usgs.gov/earthquakes/feed/v1.0/detail/uu80117966.geojson,,,,,reviewed,0,47,uu,80117966,",uu80117966,",",uu,",",origin,phase-data,",23,0.09817,0.15,92.0,ml,earthquake,"M 1.7 - 10 km E of Fairview, Utah"
nc75241067,-122.794830322266,38.8255004882812,2.83999991416931,0.76,"6 km WNW of Cobb, CA",1758660667110,1758661938067,,https://earthquake.usgs.gov/earthquakes/eventpage/nc75241067,https://earthquake.usgs.gov/earthquakes/feed/v1.0/detail/nc75241067.geojson,,,,,automatic,0,9,nc,75241067,",nc75241067,",",nc,",",nearby-cities,origin,phase-data,scitech-link,",12,0.01209,0.02,63.0,md,earthquake,"M 0.8 - 6 km WNW of Cobb, CA"
ak025c892r3m,-154.9184,58.2493,1.1,0.8,"80 km NNW of Karluk, Alaska",1758659784182,1758659888845,,https://earthquake.usgs.gov/earthquakes/eventpage/ak025c892r3m,https://earthquake.usgs.gov/earthquakes/feed/v1.0/detail/ak025c892r3m.geojson,,,,,automatic,0,10,ak,025c892r3m,",ak025c892r3m,",",ak,",",origin,phase-data,",,,0.57,,ml,earthquake,"M 0.8 - 80 km NNW of Karluk, Alaska"
ak025c88zz4g,-151.3867,59.9572,33.3,1.5,"18 km ESE of Ninilchik, Alaska",1758659008482,1758659089692,,https://earthquake.usgs.gov/earthquakes/eventpage/ak025c88zz4g,https://earthquake.usgs.gov/earthquakes/feed/v1.0/detail/ak025c88zz4g.geojson,,,,,automatic,0,35,ak,025c88zz4g,",ak025c88zz4g,",",ak,",",origin,phase-data,",,,0.17,,ml,earthquake,"M 1.5 - 18 km ESE of Ninilchik, Alaska"
nc75241062,-122.801666259766,38.8115005493164,0.839999973773956,0.76,"5 km NW of The Geysers, CA",1758658588780,1758659537762,,https://earthquake.usgs.gov/earthquakes/eventpage/nc75241062,https://earthquake.usgs.gov/earthquakes/feed/v1.0/detail/nc75241062.geojson,,,,,automatic,0,9,nc,75241062,",nc75241062,",",nc,",",nearby-cities,origin,phase-data,scitech-link,",8,0.006096,0.02,81.0,md,earthquake,"M 0.8 - 5 km NW of The Geysers, CA"
ak025c88yakr,-153.0576,59.8344,17.8,1.4,"59 km E of Pedro Bay, Alaska",1758658543795,1758658652390,,https://earthquake.usgs.gov/earthquakes/eventpage/ak025c88yakr,https://earthquake.usgs.gov/earthquakes/feed/v1.0/detail/ak025c88yakr.geojson,,,,,automatic,0,30,ak,025c88yakr,",ak025c88yakr,",",ak,",",origin,phase-data,",,,1.34,,ml,earthquake,"M 1.4 - 59 km E of Pedro Bay, Alaska"
us6000rcdx,119.5847,-9.63,72.024,4.9,"44 km ESE of Tambolaka, Indonesia",1758657281867,1758659956040,,https://earthquake.usgs.gov/earthquakes/eventpage/us6000rcdx,https://earthquake.usgs.gov/earthquakes/feed/v1.0/detail/us6000rcdx.geojson,,,,,reviewed,0,369,us,6000rcdx,",us6000rcdx,",",us,",",origin,phase-data,",76,0.704,1.03,53.0,mb,earthquake,"M 4.9 - 44 km ESE of Tambolaka, Indonesia"
hv74783492,-155.495833333333,19.1851666666667,32.75,1.98,"2 km SW of Pāhala, Hawaii",1758657237210,1758662066120,,https://earthquake.usgs.gov/earthquakes/eventpage/hv74783492,https://earthquake.usgs.gov/earthquakes/feed/v1.0/detail/hv74783492.geojson,,,,,reviewed,0,60,hv,74783492,",hv74783492,",",hv,",",origin,phase-data,",46,0.0435,0.11,87.0,ml,earthquake,"M 2.0 - 2 km SW of Pāhala, Hawaii"
hv74783472,-155.268173217773,19.4131660461426,1.64999997615814,1.74,"4 km SW of Volcano, Hawaii",1758656425350,1758656608230,,https://earthquake.usgs.gov/earthquakes/eventpage/hv74783472,https://earthquake.usgs.gov/earthquakes/feed/v1.0/detail/hv74783472.geojson,,,,,automatic,0,47,hv,74783472,",hv74783472,",",hv,",",origin,phase-data,",21,0.007904,0.150000006,83.0,ml,earthquake,"M 1.7 - 4 km SW of Volcano, Hawaii"
ci40449010,-116.4495,33.5023333,3.44,0.79,"22 km ESE of Anza, CA",1758656294890,1758656507116,,https://earthquake.usgs.gov/earthquakes/eventpage/ci40449010,https://earthquake.usgs.gov/earthquakes/feed/v1.0/detail/ci40449010.geojson,,,,,automatic,0,10,ci,40449010,",ci40449010,",",ci,",",nearby-cities,origin,phase-data,scitech-link,",30,0.157,0.22,72.0,ml,earthquake,"M 0.8 - 22 km ESE of Anza, CA"
ci40448970,-117.5068333,33.8706667,1.24,1.12,"2 km ESE of Home Gardens, CA",1758654127360,1758654331363,,https://earthquake.usgs.gov/earthquakes/eventpage/ci40448970,https://earthquake.usgs.gov/earthquakes/feed/v1.0/detail/ci40448970.geojson,,,,,automatic,0,19,ci,40448970,",ci40448970,",",ci,",",nearby-cities,origin,phase-data,scitech-link,",28,0.07394,0.22,57.0,ml,earthquake,"M 1.1 - 2 km ESE of Home Gardens, CA"
ci40448962,-118.1903333,34.99,-0.91,1.28,"7 km SSW of Mojave, CA",1758653668890,1758657479221,,https://earthquake.usgs.gov/earthquakes/eventpage/ci40448962,https://earthquake.usgs.gov/earthquakes/feed/v1.0/detail/ci40448962.geojson,,,,,reviewed,0,25,ci,40448962,",ci40448962,",",ci,",",nearby-cities,origin,phase-data,scitech-link,",14,0.1153,0.2,58.0,ml,quarry blast,"M 1.3 Quarry Blast - 7 km SSW of Mojave, CA"
us6000rcdj,131.2558,-6.1642,76.484,4.4,"175 km WSW of Tual, Indonesia",1758653439418,1758664357040,,https://earthquake.usgs.gov/earthquakes/eventpage/us6000rcdj,https://earthquake.usgs.gov/earthquakes/feed/v1.0/detail/us6000rcdj.geojson,,,,,reviewed,0,298,us,6000rcdj,",us6000rcdj,",",us,",",origin,phase-data,",57,3.372,1.03,26.0,mb,earthquake,"M 4.4 - 175 km WSW of Tual, Indonesia"
nc75241052,-122.732498168945,38.7613334655762,1.55999994277954,1.41,"3 km SE of The Geysers, CA",1758653436770,1758662541146,,https://earthquake.usgs.gov/earthquakes/eventpage/nc75241052,https://earthquake.usgs.gov/earthquakes/feed/v1.0/detail/nc75241052.geojson,,,,,automatic,0,31,nc,75241052,",nc75241052,",",nc,",",nearby-cities,origin,phase-data,scitech-link,",15,0.005976,0.03,105.0,md,earthquake,"M 1.4 - 3 km SE of The Geysers, CA"
ci40448954,-116.8186667,33.344,4.77,0.56,"4 km ESE of Palomar Observatory, CA",1758652985170,1758653194472,,https://earthquake.usgs.gov/earthquakes/eventpage/ci40448954,https://earthquake.usgs.gov/earthquakes/feed/v1.0/detail/ci40448954.geojson,,,,,automatic,0,5,ci,40448954,",ci40448954,",",ci,",",nearby-cities,origin,phase-data,scitech-link,",17,0.03804,0.22,64.0,ml,earthquake,"M 0.6 - 4 km ESE of Palomar Observatory, CA"
tx2025stvzbd,-102.038,31.564,0.3058,2.1,"34 km ENE of Crane, Texas",1758651733935,1758669266678,,https://earthquake.usgs.gov/earthquakes/eventpage/tx2025stvzbd,https://earthquake.usgs.gov/earthquakes/feed/v1.0/detail/tx2025stvzbd.geojson,,,,,automatic,0,68,tx,2025stvzbd,",tx2025stvzbd,",",tx,",",origin,phase-data,",6,0.1,0.3,244.0,mlv,earthquake,"M 2.1 - 34 km ENE of Crane, Texas"
nn00904871,-116.9739,36.4165,3.2,1.1,"11 km WSW of Furnace Creek, California",1758651708458,1758659067115,,https://earthquake.usgs.gov/earthquakes/eventpage/nn00904871,https://earthquake.usgs.gov/earthquakes/feed/v1.0/detail/nn00904871.geojson,,,,,reviewed,0,19,nn,00904871,",nn00904871,",",nn,",",origin,phase-data,",18,0.103,0.1605,82.84,ml,earthquake,"M 1.1 - 11 km WSW of Furnace Creek, California"
nc75241047,-122.794334411621,38.8079986572266,3.09999990463257,0.87,"5 km NNW of The Geysers, CA",1758651022960,1758651120916,,https://earthquake.usgs.gov/earthquakes/eventpage/nc75241047,https://earthquake.usgs.gov/earthquakes/feed/v1.0/detail/nc75241047.geojson,,,,,automatic,0,12,nc,75241047,",nc75241047,",",nc,",",nearby-cities,origin,phase-data,",14,0.0007574,0.02,57.0,md,earthquake,"M 0.9 - 5 km NNW of The Geysers, CA"
ci40448938,-117.4908333,33.8423333,-0.52,1.18,"5 km SE of Home Gardens, CA",1758650657780,1758657247359,,https://earthquake.usgs.gov/earthquakes/eventpage/ci40448938,https://earthquake.usgs.gov/earthquakes/feed/v1.0/detail/ci40448938.geojson,,,,,reviewed,0,21,ci,40448938,",ci40448938,",",ci,",",nearby-cities,origin,phase-data,scitech-link,",17,0.04552,0.31,123.0,ml,quarry blast,"M 1.2 Quarry Blast - 5 km SE of Home Gardens, CA"
tx2025stviyk,-102.312,31.982,6.7139,0.5,"7 km ESE of Gardendale, Texas",1758650613136,1758656886468,,https://earthquake.usgs.gov/earthquakes/eventpage/tx2025stviyk,https://earthquake.usgs.gov/earthquakes/feed/v1.0/detail/tx2025stviyk.geojson,,,,,reviewed,0,4,tx,2025stviyk,",tx2025stviyk,",",tx,",",origin,phase-data,",11,0.0,0.1,77.0,ml,earthquake,"M 0.5 - 7 km ESE of Gardendale, Texas"
nc75241042,-122.784164428711,38.8048324584961,3.3199999332428,0.53,"4 km NNW of The Geysers, CA",1758650336380,1758650431829,,https://earthquake.usgs.gov/earthquakes/eventpage/nc75241042,https://earthquake.usgs.gov/earthquakes/feed/v1.0/detail/nc75241042.geojson,,,,,automatic,0,4,nc,75241042,",nc75241042,",",nc,",",nearby-cities,origin,phase-data,",9,0.008842,0.01,66.0,md,earthquake,"M 0.5 - 4 km NNW of The Geysers, CA"
nc75241032,-122.794830322266,38.8158340454102,2.25999999046326,1.12,"5 km NNW of The Geysers, CA",1758649567960,1758656241380,,https://earthquake.usgs.gov/earthquakes/eventpage/nc75241032,https://earthquake.usgs.gov/earthquakes/feed/v1.0/detail/nc75241032.geojson,,,,,automatic,0,19,nc,75241032,",nc75241032,",",nc,",",nearby-cities,origin,phase-data,scitech-link,",17,0.007863,0.01,51.0,md,earthquake,"M 1.1 - 5 km NNW of The Geysers, CA"
tx2025stutmx,-102.043,32.406,7.3242,1.1,"33 km WSW of Ackerly, Texas",1758649538681,1758656230101,,https://earthquake.usgs.gov/earthquakes/eventpage/tx2025stutmx,https://earthquake.usgs.gov/earthquakes/feed/v1.0/detail/tx2025stutmx.geojson,,,,,reviewed,0,19,tx,2025stutmx,",tx2025stutmx,",",tx,",",origin,phase-data,",24,0.0,0.1,66.0,ml,earthquake,"M 1.1 - 33 km WSW of Ackerly, Texas"
tx2025stusne,-102.042,32.401,9.2529,1.4,"33 km WSW of Ackerly, Texas",1758649468451,1758656059088,,https://earthquake.usgs.gov/earthquakes/eventpage/tx2025stusne,https://earthquake.usgs.gov/earthquakes/feed/v1.0/detail/tx2025stusne.geojson,,,,,reviewed,0,30,tx,2025stusne,",tx2025stusne,",",tx,",",origin,phase-data,",18,0.1,0.1,64.0,ml,earthquake,"M 1.4 - 33 km WSW of Ackerly, Texas"
tx2025stupyb,-102.044,32.403,8.0811,3.0,"33 km WSW of Ackerly, Texas",1758649338543,1758661017040,,https://earthquake.usgs.gov/earthquakes/eventpage/tx2025stupyb,https://earthquake.usgs.gov/earthquakes/feed/v1.0/detail/tx2025stupyb.geojson,2,2.2,,,reviewed,0,139,tx,2025stupyb,",tx2025stupyb,us6000rcdd,",",tx,us,",",dyfi,origin,phase-data,",43,0.0,0.1,64.0,ml,earthquake,"M 3.0 - 33 km WSW of Ackerly, Texas"
us6000rcdc,-75.2904,-15.7448,8.981,5.5,"44 km SSW of San Juan, Peru",1758649159418,1758657816604,,https://earthquake.usgs.gov/earthquakes/eventpage/us6000rcdc,https://earthquake.usgs.gov/earthquakes/feed/v1.0/detail/us6000rcdc.geojson,1,2.5,4.378,green,reviewed,0,466,us,6000rcdc,",us6000rcdc,",",us,",",dyfi,losspager,moment-tensor,origin,phase-data,shakemap,",107,4.027,0.74,130.0,mww,earthquake,"M 5.5 - 44 km SSW of San Juan, Peru"
ci40448922,-116.973,34.1423333,9.84,1.21,"13 km SSW of Big Bear Lake, CA",1758649098990,1758653101285,,https://earthquake.usgs.gov/earthquakes/eventpage/ci40448922,https://earthquake.usgs.gov/earthquakes/feed/v1.0/detail/ci40448922.geojson,,,,,reviewed,0,23,ci,40448922,",ci40448922,",",ci,",",nearby-cities,origin,phase-data,scitech-link,",49,0.05759,0.13,30.0,ml,earthquake,"M 1.2 - 13 km SSW of Big Bear Lake, CA"
us6000rcdb,158.3384,52.1724,79.144,4.6,"84 km S of Vilyuchinsk, Russia",1758648402942,1758658397040,,https://earthquake.usgs.gov/earthquakes/eventpage/us6000rcdb,https://earthquake.usgs.gov/earthquakes/feed/v1.0/detail/us6000rcdb.geojson,,,,,reviewed,0,326,us,6000rcdb,",us6000rcdb,",",us,",",origin,phase-data,",27,0.873,0.63,201.0,mb,earthquake,"M 4.6 - 84 km S of Vilyuchinsk, Russia"
nc75241017,-122.78450012207,38.8390007019043,1.73000001907349,0.71,"6 km WNW of Cobb, CA",1758648314580,1758650838691,,https://earthquake.usgs.gov/earthquakes/eventpage/nc75241017,https://earthquake.usgs.gov/earthquakes/feed/v1.0/detail/nc75241017.geojson,,,,,automatic,0,8,nc,75241017,",nc75241017,",",nc,",",nearby-cities,origin,phase-data,scitech-link,",9,0.004602,0.02,169.0,md,earthquake,"M 0.7 - 6 km WNW of Cobb, CA"
nc75241012,-122.842498779297,38.8201675415039,1.97000002861023,1.02,"9 km NW of The Geysers, CA",1758647794060,1758649937580,,https://earthquake.usgs.gov/earthquakes/eventpage/nc75241012,https://earthquake.usgs.gov/earthquakes/feed/v1.0/detail/nc75241012.geojson,1,0.0,,,automatic,0,16,nc,75241012,",nc75241012,",",nc,",",dyfi,nearby-cities,origin,phase-data,scitech-link,",14,0.01343,0.03,104.0,md,earthquake,"M 1.0 - 9 km NW of The Geysers, CA"
us6000rcd9,159.4685,53.1642,74.727,4.6,"57 km E of Petropavlovsk-Kamchatsky, Russia",1758647722039,1758656674040,,https://earthquake.usgs.gov/earthquakes/eventpage/us6000rcd9,https://earthquake.usgs.gov/earthquakes/feed/v1.0/detail/us6000rcd9.geojson,,,,,reviewed,0,326,us,6000rcd9,",us6000rcd9,",",us,",",origin,phase-data,",92,0.513,0.53,107.0,mb,earthquake,"M 4.6 - 57 km E of Petropavlovsk-Kamchatsky, Russia"
us6000rcd7,128.6955,28.7376,155.312,4.6,"71 km NW of Uken, Japan",1758647295570,1758649699040,,https://earthquake.usgs.gov/earthquakes/eventpage/us6000rcd7,https://earthquake.usgs.gov/earthquakes/feed/v1.0/detail/us6000rcd7.geojson,,,,,reviewed,0,326,us,6000rcd7,",us6000rcd7,",",us,",",origin,phase-data,",47,1.931,0.99,66.0,mb,earthquake,"M 4.6 - 71 km NW of Uken, Japan"
us6000rcd3,128.4019,-6.4219,350.114,4.8,"279 km NNE of Lospalos, Timor Leste",1758647290695,1758648723040,,https://earthquake.usgs.gov/earthquakes/eventpage/us6000rcd3,https://earthquake.usgs.gov/earthquakes/feed/v1.0/detail/us6000rcd3.geojson,,,,,reviewed,0,354,us,6000rcd3,",us6000rcd3,",",us,",",origin,phase-data,",102,5.177,0.69,16.0,mb,earthquake,"M 4.8 - 279 km NNE of Lospalos, Timor Leste"
hv74783362,-155.505004882812,19.1760005950928,32.75,1.85000002,"4 km SW of Pāhala, Hawaii",1758647282380,1758647646750,,https://earthquake.usgs.gov/earthquakes/eventpage/hv74783362,https://earthquake.usgs.gov/earthquakes/feed/v1.0/detail/hv74783362.geojson,,,,,automatic,0,53,hv,74783362,",hv74783362,",",hv,",",origin,phase-data,",54,0.04542,0.119999997,103.0,md,earthquake,"M 1.9 - 4 km SW of Pāhala, Hawaii"
tx2025sttlsg,-101.768,32.357,5.7861,0.6,"19 km SSW of Ackerly, Texas",1758647184542,1758656542136,,https://earthquake.usgs.gov/earthquakes/eventpage/tx2025sttlsg,https://earthquake.usgs.gov/earthquakes/feed/v1.0/detail/tx2025sttlsg.geojson,,,,,reviewed,0,6,tx,2025sttlsg,",tx2025sttlsg,",",tx,",",origin,phase-data,",13,0.0,0.1,69.0,ml,earthquake,"M 0.6 - 19 km SSW of Ackerly, Texas"
uu80117951,-111.000833333333,44.7061666666667,7.96,0.48,"9 km ENE of West Yellowstone, Montana",1758646889080,1758648523250,,https://earthquake.usgs.gov/earthquakes/eventpage/uu80117951,https://earthquake.usgs.gov/earthquakes/feed/v1.0/detail/uu80117951.geojson,,,,,reviewed,0,4,uu,80117951,",uu80117951,",",uu,",",origin,phase-data,",9,0.04538,0.13,103.0,ml,earthquake,"M 0.5 - 9 km ENE of West Yellowstone, Montana"
nc75240987,-122.241836547852,37.8556671142578,7.05999994277954,1.18,"3 km SE of Berkeley, CA",1758646642810,1758654818933,,https://earthquake.usgs.gov/earthquakes/eventpage/nc75240987,https://earthquake.usgs.gov/earthquakes/feed/v1.0/detail/nc75240987.geojson,2,2.7,,,automatic,0,22,nc,75240987,",nc75240987,",",nc,",",dyfi,nearby-cities,origin,phase-data,scitech-link,",15,0.02111,0.05,56.0,md,earthquake,"M 1.2 - 3 km SE of Berkeley, CA"
nc75240982,-122.240333557129,37.8544998168945,6.96999979019165,1.01,"3 km  of Piedmont, CA",1758646630580,1758647840342,,https://earthquake.usgs.gov/earthquakes/eventpage/nc75240982,https://earthquake.usgs.gov/earthquakes/feed/v1.0/detail/nc75240982.geojson,,,,,automatic,0,16,nc,75240982,",nc75240982,",",nc,",",nearby-cities,origin,phase-data,scitech-link,",12,0.02201,0.03,79.0,md,earthquake,"M 1.0 - 3 km  of Piedmont, CA"
nn00904865,-119.056,39.1564,11.5,1.3,"21 km NNE of Yerington, Nevada",1758645387347,1758647287409,,https://earthquake.usgs.gov/earthquakes/eventpage/nn00904865,https://earthquake.usgs.gov/earthquakes/feed/v1.0/detail/nn00904865.geojson,,,,,reviewed,0,26,nn,00904865,",nn00904865,",",nn,",",origin,phase-data,",11,0.223,0.1487,105.92000000000002,ml,earthquake,"M 1.3 - 21 km NNE of Yerington, Nevada"
ci40448890,-116.9888333,35.0351667,2.23,2.04,"16 km NNE of Barstow, CA",1758645202270,1758648537199,,https://earthquake.usgs.gov/earthquakes/eventpage/ci40448890,https://earthquake.usgs.gov/earthquakes/feed/v1.0/detail/ci40448890.geojson,1,2.0,,,reviewed,0,64,ci,40448890,",ci40448890,",",ci,",",dyfi,nearby-cities,origin,phase-data,scitech-link,",35,0.1599,0.12,52.0,ml,earthquake,"M 2.0 - 16 km NNE of Barstow, CA"
us6000rccs,-69.1826,-22.8374,83.721,4.5,"49 km SSW of Calama, Chile",1758645061826,1758647955040,,https://earthquake.usgs.gov/earthquakes/eventpage/us6000rccs,https://earthquake.usgs.gov/earthquakes/feed/v1.0/detail/us6000rccs.geojson,,,,,reviewed,0,312,us,6000rccs,",us6000rccs,",",us,",",origin,phase-data,",36,0.382,0.58,90.0,mwr,earthquake,"M 4.5 - 49 km SSW of Calama, Chile"
nc75240967,-122.245162963867,37.8583335876465,7.21000003814697,1.66,"3 km SE of Berkeley, CA",1758644857500,1758650839692,,https://earthquake.usgs.gov/earthquakes/eventpage/nc75240967,https://earthquake.usgs.gov/earthquakes/feed/v1.0/detail/nc75240967.geojson,4,3.8,,,automatic,0,44,nc,75240967,",nc75240967,",",nc,",",dyfi,nearby-cities,origin,phase-data,scitech-link,",31,0.01939,0.07,40.0,md,earthquake,"M 1.7 - 3 km SE of Berkeley, CA"
ci40448882,-117.5513333,35.7236667,7.94,1.05,"14 km WSW of Searles Valley, CA",1758644189860,1758648533072,,https://earthquake.usgs.gov/earthquakes/eventpage/ci40448882,https://earthquake.usgs.gov/earthquakes/feed/v1.0/detail/ci40448882.geojson,,,,,reviewed,0,17,ci,40448882,",ci40448882,",",ci,",",nearby-cities,origin,phase-data,scitech-link,",30,0.09925,0.13,53.0,ml,earthquake,"M 1.1 - 14 km WSW of Searles Valley, CA"
nc75240957,-122.243835449219,37.8583335876465,7.15000009536743,0.76,"3 km SE of Berkeley, CA",1758643273600,1758644239920,,https://earthquake.usgs.gov/earthquakes/eventpage/nc75240957,https://earthquake.usgs.gov/earthquakes/feed/v1.0/detail/nc75240957.geojson,,,,,automatic,0,9,nc,75240957,",nc75240957,",",nc,",",nearby-cities,origin,phase-data,scitech-link,",8,0.01902,0.04,98.0,md,earthquake,"M 0.8 - 3 km SE of Berkeley, CA"
us6000rcbn,159.0836,51.582,45.409,4.6,"157 km SSE of Vilyuchinsk, Russia",1758643226800,1758646771040,,https://earthquake.usgs.gov/earthquakes/eventpage/us6000rcbn,https://earthquake.usgs.gov/earthquakes/feed/v1.0/detail/us6000rcbn.geojson,,,,,reviewed,0,326,us,6000rcbn,",us6000rcbn,",",us,",",origin,phase-data,",102,1.468,0.78,163.0,mb,earthquake,"M 4.6 - 157 km SSE of Vilyuchinsk, Russia"
ak025c867ol5,-150.142,61.4986,13.0,1.3,"10 km WSW of Big Lake, Alaska",1758642935937,1758643038659,,https://earthquake.usgs.gov/earthquakes/eventpage/ak025c867ol5,https://earthquake.usgs.gov/earthquakes/feed/v1.0/detail/ak025c867ol5.geojson,,,,,automatic,0,26,ak,025c867ol5,",ak025c867ol5,",",ak,",",origin,phase-data,",,,0.24,,ml,earthquake,"M 1.3 - 10 km WSW of Big Lake, Alaska"
us6000rcbl,159.3241,51.6826,51.21,4.6,"152 km SSE of Vilyuchinsk, Russia",1758642848740,1758645679040,,https://earthquake.usgs.gov/earthquakes/eventpage/us6000rcbl,https://earthquake.usgs.gov/earthquakes/feed/v1.0/detail/us6000rcbl.geojson,,,,,reviewed,0,326,us,6000rcbl,",us6000rcbl,",",us,",",origin,phase-data,",112,1.405,0.59,124.0,mb,earthquake,"M 4.6 - 152 km SSE of Vilyuchinsk, Russia"
ak025c861gif,-150.8631,60.7223,32.4,1.7,"21 km NNW of Sterling, Alaska",1758641191919,1758641268670,,https://earthquake.usgs.gov/earthquakes/eventpage/ak025c861gif,https://earthquake.usgs.gov/earthquakes/feed/v1.0/detail/ak025c861gif.geojson,,,,,automatic,0,44,ak,025c861gif,",ak025c861gif,",",ak,",",origin,phase-data,",,,0.27,,ml,earthquake,"M 1.7 - 21 km NNW of Sterling, Alaska"
tx2025stqcrr,-100.638,32.672,7.2021,1.3,"12 km ENE of Hermleigh, Texas",1758641124719,1758656822462,,https://earthquake.usgs.gov/earthquakes/eventpage/tx2025stqcrr,https://earthquake.usgs.gov/earthquakes/feed/v1.0/detail/tx2025stqcrr.geojson,,,,,reviewed,0,26,tx,2025stqcrr,",tx2025stqcrr,",",tx,",",origin,phase-data,",9,0.1,0.1,92.0,ml,earthquake,"M 1.3 - 12 km ENE of Hermleigh, Texas"
ak025c860toz,-148.6926,64.4217,5.1,1.1,"25 km SE of Nenana, Alaska",1758641016197,1758641137195,,https://earthquake.usgs.gov/earthquakes/eventpage/ak025c860toz,https://earthquake.usgs.gov/earthquakes/feed/v1.0/detail/ak025c860toz.geojson,,,,,automatic,0,19,ak,025c860toz,",ak025c860toz,",",ak,",",origin,phase-data,",,,0.48,,ml,earthquake,"M 1.1 - 25 km SE of Nenana, Alaska"
ak025c8605my,-150.8188,60.7912,27.2,1.2,"16 km SSW of Point Possession, Alaska",1758640824425,1758640902512,,https://earthquake.usgs.gov/earthquakes/eventpage/ak025c8605my,https://earthquake.usgs.gov/earthquakes/feed/v1.0/detail/ak025c8605my.geojson,,,,,automatic,0,22,ak,025c8605my,",ak025c8605my,",",ak,",",origin,phase-data,",,,0.32,,ml,earthquake,"M 1.2 - 16 km SSW of Point Possession, Alaska"
uw62193046,-121.69833333333334,47.5705,11.93,1.6300000000000001,"10 km ENE of Snoqualmie, Washington",1758640715170,1758646781180,,https://earthquake.usgs.gov/earthquakes/eventpage/uw62193046,https://earthquake.usgs.gov/earthquakes/feed/v1.0/detail/uw62193046.geojson,,,,,reviewed,0,41,uw,62193046,",uw62193046,",",uw,",",origin,phase-data,",25,0.09702,0.14,64.0,ml,earthquake,"M 1.6 - 10 km ENE of Snoqualmie, Washington"
ci40448850,-117.8903333,36.0248333,3.34,0.83,"6 km ESE of Coso Junction, CA",1758640121360,1758648555201,,https://earthquake.usgs.gov/earthquakes/eventpage/ci40448850,https://earthquake.usgs.gov/earthquakes/feed/v1.0/detail/ci40448850.geojson,,,,,reviewed,0,11,ci,40448850,",ci40448850,",",ci,",",nearby-cities,origin,phase-data,scitech-link,",19,0.01706,0.12,62.0,ml,earthquake,"M 0.8 - 6 km ESE of Coso Junction, CA"
nm60504173,-91.2761666666667,35.9681666666667,15.72,2.02,"4 km E of Strawberry, Arkansas",1758640009690,1758666187256,,https://earthquake.usgs.gov/earthquakes/eventpage/nm60504173,https://earthquake.usgs.gov/earthquakes/feed/v1.0/detail/nm60504173.geojson,1,2.0,,,reviewed,0,63,nm,60504173,",nm60504173,",",nm,",",dyfi,origin,phase-data,",8,0.1419,0.18,172.0,md,earthquake,"M 2.0 - 4 km E of Strawberry, Arkansas"
ci37744052,-117.7383333,35.918,11.06,0.4,"15 km E of Little Lake, CA",1758639506380,1758655284828,,https://earthquake.usgs.gov/earthquakes/eventpage/ci37744052,https://earthquake.usgs.gov/earthquakes/feed/v1.0/detail/ci37744052.geojson,,,,,reviewed,0,2,ci,37744052,",ci37744052,",",ci,",",nearby-cities,origin,phase-data,scitech-link,",7,0.07162,0.1,108.0,ml,earthquake,"M 0.4 - 15 km E of Little Lake, CA"
ci40448818,-117.5366667,35.671,6.81,1.14,"14 km ENE of Ridgecrest, CA",1758639485700,1758655306140,,https://earthquake.usgs.gov/earthquakes/eventpage/ci40448818,https://earthquake.usgs.gov/earthquakes/feed/v1.0/detail/ci40448818.geojson,,,,,reviewed,0,20,ci,40448818,",ci40448818,",",ci,",",nearby-cities,origin,phase-data,scitech-link,",23,0.09216,0.12,72.0,ml,earthquake,"M 1.1 - 14 km ENE of Ridgecrest, CA"
nc75240937,-123.338333129883,39.8438339233398,5.90999984741211,1.64,"10 km NW of Covelo, CA",1758638890480,1758646042122,,https://earthquake.usgs.gov/earthquakes/eventpage/nc75240937,https://earthquake.usgs.gov/earthquakes/feed/v1.0/detail/nc75240937.geojson,,,,,automatic,0,41,nc,75240937,",nc75240937,",",nc,",",nearby-cities,origin,phase-data,scitech-link,",12,0.06965,0.19,113.0,md,earthquake,"M 1.6 - 10 km NW of Covelo, CA"
ci40448802,-118.2115,35.1163333,9.1,0.88,"8 km NNW of Mojave, CA",1758638610420,1758648572995,,https://earthquake.usgs.gov/earthquakes/eventpage/ci40448802,https://earthquake.usgs.gov/earthquakes/feed/v1.0/detail/ci40448802.geojson,,,,,reviewed,0,12,ci,40448802,",ci40448802,",",ci,",",nearby-cities,origin,phase-data,scitech-link,",28,0.03542,0.12,36.0,ml,earthquake,"M 0.9 - 8 km NNW of Mojave, CA"
nn00904862,-120.0387,39.1348,10.0,1.1,"7 km SE of Dollar Point, California",1758637882145,1758657770597,,https://earthquake.usgs.gov/earthquakes/eventpage/nn00904862,https://earthquake.usgs.gov/earthquakes/feed/v1.0/detail/nn00904862.geojson,,,,,reviewed,0,19,nn,00904862,",nn00904862,",",nn,",",origin,phase-data,",21,0.1,0.1525,59.26000000000002,ml,earthquake,"M 1.1 - 7 km SE of Dollar Point, California"
ak025c85glvp,-151.1031,61.7529,78.6,1.5,"30 km SSE of Skwentna, Alaska",1758637743735,1758637866168,,https://earthquake.usgs.gov/earthquakes/eventpage/ak025c85glvp,https://earthquake.usgs.gov/earthquakes/feed/v1.0/detail/ak025c85glvp.geojson,,,,,automatic,0,35,ak,025c85glvp,",ak025c85glvp,",",ak,",",origin,phase-data,",,,0.22,,ml,earthquake,"M 1.5 - 30 km SSE of Skwentna, Alaska"
nc75240927,-122.054664611816,37.6348342895508,2.25999999046326,1.28,"2 km SE of Hayward, CA",1758636883830,1758644542950,,https://earthquake.usgs.gov/earthquakes/eventpage/nc75240927,https://earthquake.usgs.gov/earthquakes/feed/v1.0/detail/nc75240927.geojson,2,3.1,,,automatic,0,26,nc,75240927,",nc75240927,",",nc,",",dyfi,nearby-cities,origin,phase-data,scitech-link,",7,0.1032,0.03,96.0,md,earthquake,"M 1.3 - 2 km SE of Hayward, CA"
ci40448762,-116.7496667,33.7021667,15.99,0.69,"5 km SW of Idyllwild, CA",1758635441700,1758646196934,,https://earthquake.usgs.gov/earthquakes/eventpage/ci40448762,https://earthquake.usgs.gov/earthquakes/feed/v1.0/detail/ci40448762.geojson,,,,,automatic,0,7,ci,40448762,",ci40448762,",",ci,",",nearby-cities,origin,phase-data,scitech-link,",5,0.07143,0.07,181.0,ml,earthquake,"M 0.7 - 5 km SW of Idyllwild, CA"
ak025c84xdf1,-148.7084,61.2114,34.2,1.3,"29 km SSE of Knik River, Alaska",1758634769415,1758634840535,,https://earthquake.usgs.gov/earthquakes/eventpage/ak025c84xdf1,https://earthquake.usgs.gov/earthquakes/feed/v1.0/detail/ak025c84xdf1.geojson,,,,,automatic,0,26,ak,025c84xdf1,",ak025c84xdf1,",",ak,",",origin,phase-data,",,,0.11,,ml,earthquake,"M 1.3 - 29 km SSE of Knik River, Alaska"
nc75240917,-123.348663330078,39.1466674804688,6.09000015258789,1.45,"12 km W of Ukiah, CA",1758634327820,1758645609556,,https://earthquake.usgs.gov/earthquakes/eventpage/nc75240917,https://earthquake.usgs.gov/earthquakes/feed/v1.0/detail/nc75240917.geojson,2,0.0,,,automatic,0,32,nc,75240917,",nc75240917,",",nc,",",dyfi,nearby-cities,origin,phase-data,scitech-link,",11,0.06963,0.04,62.0,md,earthquake,"M 1.5 - 12 km W of Ukiah, CA"
nc75240912,-122.845001220703,38.8223342895508,2.39000010490417,0.98,"9 km NW of The Geysers, CA",1758633876820,1758635240857,,https://earthquake.usgs.gov/earthquakes/eventpage/nc75240912,https://earthquake.usgs.gov/earthquakes/feed/v1.0/detail/nc75240912.geojson,,,,,automatic,0,15,nc,75240912,",nc75240912,",",nc,",",nearby-cities,origin,phase-data,scitech-link,",11,0.01063,0.01,104.0,md,earthquake,"M 1.0 - 9 km NW of The Geysers, CA"
nc75240902,-123.338333129883,39.8611679077148,2.99000000953674,1.51,"11 km NW of Covelo, CA",1758633156220,1758641237577,,https://earthquake.usgs.gov/earthquakes/eventpage/nc75240902,https://earthquake.usgs.gov/earthquakes/feed/v1.0/detail/nc75240902.geojson,,,,,automatic,0,35,nc,75240902,",nc75240902,",",nc,",",nearby-cities,origin,phase-data,scitech-link,",7,0.05469,0.06,141.0,md,earthquake,"M 1.5 - 11 km NW of Covelo, CA"
nc75240897,-124.137832641602,40.2458343505859,14.5,1.38,"15 km SE of Petrolia, CA",1758632538440,1758640037454,,https://earthquake.usgs.gov/earthquakes/eventpage/nc75240897,https://earthquake.usgs.gov/earthquakes/feed/v1.0/detail/nc75240897.geojson,,,,,automatic,0,29,nc,75240897,",nc75240897,",",nc,",",nearby-cities,origin,phase-data,scitech-link,",9,0.01396,0.07,74.0,md,earthquake,"M 1.4 - 15 km SE of Petrolia, CA"
ak025c84ew5t,-152.3525,60.1354,87.5,1.4,"39 km WNW of Ninilchik, Alaska",1758631987698,1758632124367,,https://earthquake.usgs.gov/earthquakes/eventpage/ak025c84ew5t,https://earthquake.usgs.gov/earthquakes/feed/v1.0/detail/ak025c84ew5t.geojson,,,,,automatic,0,30,ak,025c84ew5t,",ak025c84ew5t,",",ak,",",origin,phase-data,",,,0.37,,ml,earthquake,"M 1.4 - 39 km WNW of Ninilchik, Alaska"
ak025c84ek28,-154.7826,57.6484,61.2,1.5,"21 km WNW of Karluk, Alaska",1758631910881,1758632037360,,https://earthquake.usgs.gov/earthquakes/eventpage/ak025c84ek28,https://earthquake.usgs.gov/earthquakes/feed/v1.0/detail/ak025c84ek28.geojson,,,,,automatic,0,35,ak,025c84ek28,",ak025c84ek28,",",ak,",",origin,phase-data,",,,0.13,,ml,earthquake,"M 1.5 - 21 km WNW of Karluk, Alaska"
ak025c84dxa8,-152.8124,59.6551,89.5,1.6,"56 km WSW of Anchor Point, Alaska",1758631735645,1758631916146,,https://earthquake.usgs.gov/earthquakes/eventpage/ak025c84dxa8,https://earthquake.usgs.gov/earthquakes/feed/v1.0/detail/ak025c84dxa8.geojson,,,,,automatic,0,39,ak,025c84dxa8,",ak025c84dxa8,",",ak,",",origin,phase-data,",,,0.44,,ml,earthquake,"M 1.6 - 56 km WSW of Anchor Point, Alaska"
us6000rc9h,-178.5225,-31.5028,54.058,5.5,Kermadec Islands region,1758631477369,1758640371757,,https://earthquake.usgs.gov/earthquakes/eventpage/us6000rc9h,https://earthquake.usgs.gov/earthquakes/feed/v1.0/detail/us6000rc9h.geojson,,,4.24,green,reviewed,0,465,us,6000rc9h,",us6000rc9h,",",us,",",losspager,moment-tensor,origin,phase-data,shakemap,",59,6.586,1.33,70.0,mb,earthquake,M 5.5 - Kermadec Islands region
uw62193006,-122.19216666666667,46.1865,5.52,-0.08,"36 km NNE of Amboy, Washington",1758631084630,1758653492520,,https://earthquake.usgs.gov/earthquakes/eventpage/uw62193006,https://earthquake.usgs.gov/earthquakes/feed/v1.0/detail/uw62193006.geojson,,,,,reviewed,0,0,uw,62193006,",uw62193006,",",uw,",",origin,phase-data,",5,0.01472,0.06,148.0,md,earthquake,"M -0.1 - 36 km NNE of Amboy, Washington"
nc75240892,-122.794166564941,38.8183326721191,3.10999989509583,1.29,"6 km NNW of The Geysers, CA",1758630807450,1758638239239,,https://earthquake.usgs.gov/earthquakes/eventpage/nc75240892,https://earthquake.usgs.gov/earthquakes/feed/v1.0/detail/nc75240892.geojson,,,,,automatic,0,26,nc,75240892,",nc75240892,",",nc,",",nearby-cities,origin,phase-data,scitech-link,",24,0.01039,0.01,84.0,md,earthquake,"M 1.3 - 6 km NNW of The Geysers, CA"
hv74783217,-156.142333333333,19.7998333333333,7.26,2.11,"18 km WNW of Kalaoa, Hawaii",1758630694470,1758650629460,,https://earthquake.usgs.gov/earthquakes/eventpage/hv74783217,https://earthquake.usgs.gov/earthquakes/feed/v1.0/detail/hv74783217.geojson,,,,,reviewed,0,68,hv,74783217,",hv74783217,",",hv,",",origin,phase-data,",23,0.1874,0.19,257.0,ml,earthquake,"M 2.1 - 18 km WNW of Kalaoa, Hawaii"
uw62193001,-122.8075,48.84866666666667,17.12,1.82,"8 km SSW of Birch Bay, Washington",1758630656150,1758647252120,,https://earthquake.usgs.gov/earthquakes/eventpage/uw62193001,https://earthquake.usgs.gov/earthquakes/feed/v1.0/detail/uw62193001.geojson,,,,,reviewed,0,51,uw,62193001,",uw62193001,",",uw,",",origin,phase-data,",25,0.07912,0.13,67.0,ml,earthquake,"M 1.8 - 8 km SSW of Birch Bay, Washington"
ci40448738,-116.3863333,33.2433333,4.64,0.69,"2 km SW of Borrego Springs, CA",1758630507580,1758648590778,,https://earthquake.usgs.gov/earthquakes/eventpage/ci40448738,https://earthquake.usgs.gov/earthquakes/feed/v1.0/detail/ci40448738.geojson,,,,,reviewed,0,7,ci,40448738,",ci40448738,",",ci,",",nearby-cities,origin,phase-data,scitech-link,",40,0.03581,0.18,39.0,ml,earthquake,"M 0.7 - 2 km SW of Borrego Springs, CA"
ak025c849ffo,-146.9227,61.2565,20.7,1.1,"33 km WNW of Valdez, Alaska",1758630478120,1758630591166,,https://earthquake.usgs.gov/earthquakes/eventpage/ak025c849ffo,https://earthquake.usgs.gov/earthquakes/feed/v1.0/detail/ak025c849ffo.geojson,,,,,automatic,0,19,ak,025c849ffo,",ak025c849ffo,",",ak,",",origin,phase-data,",,,0.46,,ml,earthquake,"M 1.1 - 33 km WNW of Valdez, Alaska"
ak025c848c2h,-145.9567,63.4629,18.8,1.5,"45 km NNW of Paxson, Alaska",1758630167936,1758630262521,,https://earthquake.usgs.gov/earthquakes/eventpage/ak025c848c2h,https://earthquake.usgs.gov/earthquakes/feed/v1.0/detail/ak025c848c2h.geojson,,,,,automatic,0,35,ak,025c848c2h,",ak025c848c2h,",",ak,",",origin,phase-data,",,,0.81,,ml,earthquake,"M 1.5 - 45 km NNW of Paxson, Alaska"
ci40448730,-116.615,34.2308333,8.92,0.82,"21 km N of Morongo Valley, CA",1758629849400,1758649302149,,https://earthquake.usgs.gov/earthquakes/eventpage/ci40448730,https://earthquake.usgs.gov/earthquakes/feed/v1.0/detail/ci40448730.geojson,,,,,reviewed,0,10,ci,40448730,",ci40448730,",",ci,",",nearby-cities,origin,phase-data,scitech-link,",29,0.1351,0.12,51.0,ml,earthquake,"M 0.8 - 21 km N of Morongo Valley, CA"
ci40448722,-116.7175,33.5378333,5.74,0.09,"4 km WSW of Anza, CA",1758629595210,1758639203062,,https://earthquake.usgs.gov/earthquakes/eventpage/ci40448722,https://earthquake.usgs.gov/earthquakes/feed/v1.0/detail/ci40448722.geojson,,,,,reviewed,0,0,ci,40448722,",ci40448722,",",ci,",",nearby-cities,origin,phase-data,scitech-link,",19,0.07809,0.11,68.0,ml,earthquake,"M 0.1 - 4 km WSW of Anza, CA"
ci40448714,-116.8248333,33.7133333,16.59,0.8,"7 km ESE of Valle Vista, CA",1758628678080,1758649320062,,https://earthquake.usgs.gov/earthquakes/eventpage/ci40448714,https://earthquake.usgs.gov/earthquakes/feed/v1.0/detail/ci40448714.geojson,0,1.0,,,reviewed,0,10,ci,40448714,",ci40448714,",",ci,",",dyfi,nearby-cities,origin,phase-data,scitech-link,",36,0.08658,0.17,73.0,ml,earthquake,"M 0.8 - 7 km ESE of Valle Vista, CA"
pr71496393,-66.9128333333333,17.9636666666667,13.91,2.32,"1 km SSW of Guánica, Puerto Rico",1758628526950,1758629152400,,https://earthquake.usgs.gov/earthquakes/eventpage/pr71496393,https://earthquake.usgs.gov/earthquakes/feed/v1.0/detail/pr71496393.geojson,,,,,reviewed,0,83,pr,71496393,",pr71496393,",",pr,",",origin,phase-data,",12,0.03391,0.14,172.0,md,earthquake,"M 2.3 - 1 km SSW of Guánica, Puerto Rico"
tx2025stifza,-102.071,32.357,7.2754,0.6,"36 km NW of Stanton, Texas",1758626872801,1758630866906,,https://earthquake.usgs.gov/earthquakes/eventpage/tx2025stifza,https://earthquake.usgs.gov/earthquakes/feed/v1.0/detail/tx2025stifza.geojson,,,,,reviewed,0,6,tx,2025stifza,",tx2025stifza,",",tx,",",origin,phase-data,",15,0.0,0.2,68.0,ml,earthquake,"M 0.6 - 36 km NW of Stanton, Texas"
ci40448698,-119.3185,35.459,26.39,1.63,"6 km SW of Shafter, CA",1758626828780,1758640137945,,https://earthquake.usgs.gov/earthquakes/eventpage/ci40448698,https://earthquake.usgs.gov/earthquakes/feed/v1.0/detail/ci40448698.geojson,,,,,reviewed,0,41,ci,40448698,",ci40448698,",",ci,",",nearby-cities,origin,phase-data,scitech-link,",41,0.1314,0.22,72.0,ml,earthquake,"M 1.6 - 6 km SW of Shafter, CA"
nc75240872,-122.245666503906,37.857666015625,7.3600001335144,1.99,"3 km SE of Berkeley, CA",1758626455990,1758633139589,,https://earthquake.usgs.gov/earthquakes/eventpage/nc75240872,https://earthquake.usgs.gov/earthquakes/feed/v1.0/detail/nc75240872.geojson,0,1.0,,,automatic,0,61,nc,75240872,",nc75240872,",",nc,",",dyfi,focal-mechanism,nearby-cities,origin,phase-data,scitech-link,",58,0.01503,0.11,35.0,md,earthquake,"M 2.0 - 3 km SE of Berkeley, CA"
nc75240867,-122.243499755859,37.8559989929199,7.05999994277954,2.3,"3 km SE of Berkeley, CA",1758626450670,1758656176930,,https://earthquake.usgs.gov/earthquakes/eventpage/nc75240867,https://earthquake.usgs.gov/earthquakes/feed/v1.0/detail/nc75240867.geojson,22,3.4,,,automatic,0,89,nc,75240867,",nc75240867,",",nc,",",dyfi,nearby-cities,origin,phase-data,scitech-link,",18,0.02114,0.04,65.0,md,earthquake,"M 2.3 - 3 km SE of Berkeley, CA"
ci40448690,-115.9593333,33.07,3.99,0.7,"18 km ESE of Ocotillo Wells, CA",1758626314610,1758645832896,,https://earthquake.usgs.gov/earthquakes/eventpage/ci40448690,https://earthquake.usgs.gov/earthquakes/feed/v1.0/detail/ci40448690.geojson,,,,,automatic,0,8,ci,40448690,",ci40448690,",",ci,",",nearby-cities,origin,phase-data,scitech-link,",29,0.1044,0.27,94.0,ml,earthquake,"M 0.7 - 18 km ESE of Ocotillo Wells, CA"
ci40448682,-116.8173333,33.7036667,15.45,0.99,"9 km SE of Valle Vista, CA",1758626255160,1758649336944,,https://earthquake.usgs.gov/earthquakes/eventpage/ci40448682,https://earthquake.usgs.gov/earthquakes/feed/v1.0/detail/ci40448682.geojson,,,,,reviewed,0,15,ci,40448682,",ci40448682,",",ci,",",nearby-cities,origin,phase-data,scitech-link,",53,0.09031,0.15,31.0,ml,earthquake,"M 1.0 - 9 km SE of Valle Vista, CA"
mb90112938,-112.5995,45.3176666666667,7.07,1.04,"11 km NNE of Dillon, Montana",1758625793300,1758635200920,,https://earthquake.usgs.gov/earthquakes/eventpage/mb90112938,https://earthquake.usgs.gov/earthquakes/feed/v1.0/detail/mb90112938.geojson,,,,,reviewed,0,17,mb,90112938,",mb90112938,",",mb,",",origin,phase-data,",11,0.04464,0.07,136.0,ml,earthquake,"M 1.0 - 11 km NNE of Dillon, Montana"
ci40448674,-116.6768333,33.97,12.42,0.64,"12 km ENE of Cabazon, CA",1758625608220,1758645597319,,https://earthquake.usgs.gov/earthquakes/eventpage/ci40448674,https://earthquake.usgs.gov/earthquakes/feed/v1.0/detail/ci40448674.geojson,,,,,automatic,0,6,ci,40448674,",ci40448674,",",ci,",",nearby-cities,origin,phase-data,scitech-link,",34,0.07244,0.15,43.0,ml,earthquake,"M 0.6 - 12 km ENE of Cabazon, CA"
mb90112943,-112.354833333333,44.7788333333333,11.89,0.64,"24 km NE of Lima, Montana",1758625067460,1758635622620,,https://earthquake.usgs.gov/earthquakes/eventpage/mb90112943,https://earthquake.usgs.gov/earthquakes/feed/v1.0/detail/mb90112943.geojson,,,,,reviewed,0,6,mb,90112943,",mb90112943,",",mb,",",origin,phase-data,",9,0.1876,0.08,105.0,ml,earthquake,"M 0.6 - 24 km NE of Lima, Montana"
us6000rc98,70.6337,34.5763,10.0,4.9,"23 km NE of Jalālābād, Afghanistan",1758624633247,1758656417887,,https://earthquake.usgs.gov/earthquakes/eventpage/us6000rc98,https://earthquake.usgs.gov/earthquakes/feed/v1.0/detail/us6000rc98.geojson,1,4.6,,,reviewed,0,370,us,6000rc98,",us6000rc98,",",us,",",dyfi,origin,phase-data,",75,1.239,0.89,61.0,mb,earthquake,"M 4.9 - 23 km NE of Jalālābād, Afghanistan"
nn00904854,-119.0601,39.1006,6.8,1.2,"15 km NE of Yerington, Nevada",1758624489530,1758654099399,,https://earthquake.usgs.gov/earthquakes/eventpage/nn00904854,https://earthquake.usgs.gov/earthquakes/feed/v1.0/detail/nn00904854.geojson,,,,,reviewed,0,22,nn,00904854,",nn00904854,",",nn,",",origin,phase-data,",19,0.182,0.1266,72.38999999999999,ml,earthquake,"M 1.2 - 15 km NE of Yerington, Nevada"
ak025c836f6a,-149.2657,64.4808,10.8,1.4,"12 km SW of Nenana, Alaska",1758624358900,1758624477792,,https://earthquake.usgs.gov/earthquakes/eventpage/ak025c836f6a,https://earthquake.usgs.gov/earthquakes/feed/v1.0/detail/ak025c836f6a.geojson,,,,,automatic,0,30,ak,025c836f6a,",ak025c836f6a,",",ak,",",origin,phase-data,",,,0.63,,ml,earthquake,"M 1.4 - 12 km SW of Nenana, Alaska"
uu80117931,-110.829166666667,44.8038333333333,5.66,1.5,"21 km SSW of Mammoth, Wyoming",1758624322690,1758634863740,,https://earthquake.usgs.gov/earthquakes/eventpage/uu80117931,https://earthquake.usgs.gov/earthquakes/feed/v1.0/detail/uu80117931.geojson,,,,,reviewed,0,35,uu,80117931,",uu80117931,",",uu,",",origin,phase-data,",21,0.0217,0.15,109.0,ml,earthquake,"M 1.5 - 21 km SSW of Mammoth, Wyoming"
ak025c8351gn,-149.1299,66.0675,2.4,1.7,"7 km NNW of Stevens Village, Alaska",1758623954639,1758624111547,,https://earthquake.usgs.gov/earthquakes/eventpage/ak025c8351gn,https://earthquake.usgs.gov/earthquakes/feed/v1.0/detail/ak025c8351gn.geojson,,,,,automatic,0,44,ak,025c8351gn,",ak025c8351gn,",",ak,",",origin,phase-data,",,,0.69,,ml,earthquake,"M 1.7 - 7 km NNW of Stevens Village, Alaska"
nn00904853,-116.2549,36.7753,8.2,-0.2,"47 km ESE of Beatty, Nevada",1758623171450,1758635155164,,https://earthquake.usgs.gov/earthquakes/eventpage/nn00904853,https://earthquake.usgs.gov/earthquakes/feed/v1.0/detail/nn00904853.geojson,,,,,reviewed,0,0,nn,00904853,",nn00904853,",",nn,",",origin,phase-data,",26,0.039,0.3187,56.370000000000005,ml,earthquake,"M -0.2 - 47 km ESE of Beatty, Nevada"
ci40448666,-116.1555,32.8478333,6.4,0.96,"20 km NW of Ocotillo, CA",1758622905170,1758649352786,,https://earthquake.usgs.gov/earthquakes/eventpage/ci40448666,https://earthquake.usgs.gov/earthquakes/feed/v1.0/detail/ci40448666.geojson,,,,,reviewed,0,14,ci,40448666,",ci40448666,",",ci,",",nearby-cities,origin,phase-data,scitech-link,",28,0.07436,0.19,55.0,ml,earthquake,"M 1.0 - 20 km NW of Ocotillo, CA"
ci40448658,-117.8933333,36.0223333,3.1,0.96,"6 km ESE of Coso Junction, CA",1758622467140,1758649355553,,https://earthquake.usgs.gov/earthquakes/eventpage/ci40448658,https://earthquake.usgs.gov/earthquakes/feed/v1.0/detail/ci40448658.geojson,,,,,reviewed,0,14,ci,40448658,",ci40448658,",",ci,",",nearby-cities,origin,phase-data,scitech-link,",29,0.01476,0.15,39.0,ml,earthquake,"M 1.0 - 6 km ESE of Coso Junction, CA"
nn00904860,-116.0748,36.7999,5.8,-0.4,"44 km NW of Indian Springs, Nevada",1758622054973,1758634780471,,https://earthquake.usgs.gov/earthquakes/eventpage/nn00904860,https://earthquake.usgs.gov/earthquakes/feed/v1.0/detail/nn00904860.geojson,,,,,reviewed,0,0,nn,00904860,",nn00904860,",",nn,",",origin,phase-data,",15,0.017,0.081,82.55000000000001,ml,earthquake,"M -0.4 - 44 km NW of Indian Springs, Nevada"
tx2025stfikb,-101.918,32.233,7.9346,1.6,"16 km NW of Stanton, Texas",1758621609163,1758623090008,,https://earthquake.usgs.gov/earthquakes/eventpage/tx2025stfikb,https://earthquake.usgs.gov/earthquakes/feed/v1.0/detail/tx2025stfikb.geojson,,,,,reviewed,0,39,tx,2025stfikb,",tx2025stfikb,",",tx,",",origin,phase-data,",71,0.0,0.2,31.0,ml,earthquake,"M 1.6 - 16 km NW of Stanton, Texas"
ci40448650,-116.2948333,33.0273333,7.57,0.99,"20 km SW of Ocotillo Wells, CA",1758621604980,1758645395524,,https://earthquake.usgs.gov/earthquakes/eventpage/ci40448650,https://earthquake.usgs.gov/earthquakes/feed/v1.0/detail/ci40448650.geojson,,,,,automatic,0,15,ci,40448650,",ci40448650,",",ci,",",nearby-cities,origin,phase-data,scitech-link,",44,0.112,0.17,40.0,ml,earthquake,"M 1.0 - 20 km SW of Ocotillo Wells, CA"
tx2025stfcdh,-99.103,28.85,8.4722,1.6,"4 km S of Pearsall, Texas",1758621171550,1758640236980,,https://earthquake.usgs.gov/earthquakes/eventpage/tx2025stfcdh,https://earthquake.usgs.gov/earthquakes/feed/v1.0/detail/tx2025stfcdh.geojson,,,,,reviewed,0,39,tx,2025stfcdh,",tx2025stfcdh,",",tx,",",origin,phase-data,",10,0.0,0.2,81.0,ml,earthquake,"M 1.6 - 4 km S of Pearsall, Texas"
nc75240857,-122.773330688477,38.7876663208008,3.54999995231628,0.22,"2 km NW of The Geysers, CA",1758621144320,1758621242965,,https://earthquake.usgs.gov/earthquakes/eventpage/nc75240857,https://earthquake.usgs.gov/earthquakes/feed/v1.0/detail/nc75240857.geojson,,,,,automatic,0,1,nc,75240857,",nc75240857,",",nc,",",nearby-cities,origin,phase-data,",7,0.01266,0.02,112.0,md,earthquake,"M 0.2 - 2 km NW of The Geysers, CA"
ci40448642,-117.4941667,32.891,17.68,1.62,"21 km WNW of La Jolla, CA",1758620673150,1758643459044,,https://earthquake.usgs.gov/earthquakes/eventpage/ci40448642,https://earthquake.usgs.gov/earthquakes/feed/v1.0/detail/ci40448642.geojson,,,,,reviewed,0,40,ci,40448642,",ci40448642,",",ci,",",nearby-cities,origin,phase-data,scitech-link,",40,0.2266,0.13,230.0,ml,earthquake,"M 1.6 - 21 km WNW of La Jolla, CA"
ci40448634,-115.594,33.0548333,11.14,1.68,"3 km NE of Westmorland, CA",1758620022400,1758657782120,,https://earthquake.usgs.gov/earthquakes/eventpage/ci40448634,https://earthquake.usgs.gov/earthquakes/feed/v1.0/detail/ci40448634.geojson,,,,,reviewed,0,43,ci,40448634,",ci40448634,",",ci,",",nearby-cities,origin,phase-data,scitech-link,",48,0.06712,0.24,39.0,ml,earthquake,"M 1.7 - 3 km NE of Westmorland, CA"
ci40448626,-118.0268333,35.7598333,4.18,1.0,"22 km SSW of Little Lake, CA",1758619713860,1758645240614,,https://earthquake.usgs.gov/earthquakes/eventpage/ci40448626,https://earthquake.usgs.gov/earthquakes/feed/v1.0/detail/ci40448626.geojson,,,,,automatic,0,15,ci,40448626,",ci40448626,",",ci,",",nearby-cities,origin,phase-data,scitech-link,",34,0.1244,0.12,36.0,ml,earthquake,"M 1.0 - 22 km SSW of Little Lake, CA"
pr2025266002,-65.7395,19.378,9.0,4.0,"105 km N of Suárez, Puerto Rico",1758619603900,1758659063143,,https://earthquake.usgs.gov/earthquakes/eventpage/pr2025266002,https://earthquake.usgs.gov/earthquakes/feed/v1.0/detail/pr2025266002.geojson,3,3.4,,,reviewed,0,247,pr,2025266002,",pr2025266002,us6000rc8w,",",pr,us,",",dyfi,origin,phase-data,",24,1.123,0.37,217.0,md,earthquake,"M 4.0 - 105 km N of Suárez, Puerto Rico"
nc75240847,-122.019165039062,41.1463317871094,6.53000020980835,2.1,"16 km SSE of McCloud, CA",1758619596660,1758626536813,,https://earthquake.usgs.gov/earthquakes/eventpage/nc75240847,https://earthquake.usgs.gov/earthquakes/feed/v1.0/detail/nc75240847.geojson,,,,,automatic,0,68,nc,75240847,",nc75240847,",",nc,",",nearby-cities,origin,phase-data,scitech-link,",22,0.03103,0.08,52.0,md,earthquake,"M 2.1 - 16 km SSE of McCloud, CA"
ci40448618,-115.739,32.6463333,5.3,1.61,"16 km WNW of Progreso, B.C., MX",1758619171290,1758654046623,,https://earthquake.usgs.gov/earthquakes/eventpage/ci40448618,https://earthquake.usgs.gov/earthquakes/feed/v1.0/detail/ci40448618.geojson,,,,,reviewed,0,40,ci,40448618,",ci40448618,",",ci,",",nearby-cities,origin,phase-data,scitech-link,",37,0.01106,0.22,66.0,ml,earthquake,"M 1.6 - 16 km WNW of Progreso, B.C., MX"
ci37744036,-115.6755,32.6225,5.68,1.35,"10 km WNW of Progreso, B.C., MX",1758618715640,1758641486689,,https://earthquake.usgs.gov/earthquakes/eventpage/ci37744036,https://earthquake.usgs.gov/earthquakes/feed/v1.0/detail/ci37744036.geojson,,,,,reviewed,0,28,ci,37744036,",ci37744036,",",ci,",",nearby-cities,origin,phase-data,scitech-link,",5,0.05058,0.11,147.0,ml,earthquake,"M 1.4 - 10 km WNW of Progreso, B.C., MX"
ci40448610,-115.735,32.6486667,5.42,1.63,"16 km WNW of Progreso, B.C., MX",1758618700500,1758641469687,,https://earthquake.usgs.gov/earthquakes/eventpage/ci40448610,https://earthquake.usgs.gov/earthquakes/feed/v1.0/detail/ci40448610.geojson,,,,,reviewed,0,41,ci,40448610,",ci40448610,",",ci,",",nearby-cities,origin,phase-data,scitech-link,",39,0.007302,0.23,46.0,ml,earthquake,"M 1.6 - 16 km WNW of Progreso, B.C., MX"
ak025c82dmhq,-148.85,65.0237,18.9,1.0,"27 km ESE of Minto, Alaska",1758618683500,1758618806194,,https://earthquake.usgs.gov/earthquakes/eventpage/ak025c82dmhq,https://earthquake.usgs.gov/earthquakes/feed/v1.0/detail/ak025c82dmhq.geojson,,,,,automatic,0,15,ak,025c82dmhq,",ak025c82dmhq,",",ak,",",origin,phase-data,",,,0.23,,ml,earthquake,"M 1.0 - 27 km ESE of Minto, Alaska"
ci40448602,-115.7286667,32.6475,5.78,1.29,"16 km WNW of Progreso, B.C., MX",1758618653770,1758640702585,,https://earthquake.usgs.gov/earthquakes/eventpage/ci40448602,https://earthquake.usgs.gov/earthquakes/feed/v1.0/detail/ci40448602.geojson,,,,,reviewed,0,26,ci,40448602,",ci40448602,",",ci,",",nearby-cities,origin,phase-data,scitech-link,",25,0.002655,0.2,66.0,ml,earthquake,"M 1.3 - 16 km WNW of Progreso, B.C., MX"
nc75240837,-122.794998168945,38.8193321228027,3.21000003814697,1.11,"6 km NNW of The Geysers, CA",1758618645920,1758623239373,,https://earthquake.usgs.gov/earthquakes/eventpage/nc75240837,https://earthquake.usgs.gov/earthquakes/feed/v1.0/detail/nc75240837.geojson,,,,,automatic,0,19,nc,75240837,",nc75240837,",",nc,",",nearby-cities,origin,phase-data,scitech-link,",16,0.01135,0.02,83.0,md,earthquake,"M 1.1 - 6 km NNW of The Geysers, CA"
nc75240832,-120.561164855957,36.0003318786621,1.46000003814697,1.6,"16 km NW of Parkfield, CA",1758618448360,1758622039226,,https://earthquake.usgs.gov/earthquakes/eventpage/nc75240832,https://earthquake.usgs.gov/earthquakes/feed/v1.0/detail/nc75240832.geojson,,,,,automatic,0,39,nc,75240832,",nc75240832,",",nc,",",nearby-cities,origin,phase-data,scitech-link,",21,0.02188,0.08,80.0,md,earthquake,"M 1.6 - 16 km NW of Parkfield, CA"
tx2025stdlwj,-101.603,32.088,6.4209,0.8,"18 km ESE of Stanton, Texas",1758618230270,1758632646098,,https://earthquake.usgs.gov/earthquakes/eventpage/tx2025stdlwj,https://earthquake.usgs.gov/earthquakes/feed/v1.0/detail/tx2025stdlwj.geojson,,,,,reviewed,0,10,tx,2025stdlwj,",tx2025stdlwj,",",tx,",",origin,phase-data,",13,0.0,0.1,94.0,ml,earthquake,"M 0.8 - 18 km ESE of Stanton, Texas"
ci40448594,-115.7341667,32.6458333,4.99,1.29,"16 km WNW of Progreso, B.C., MX",1758618121980,1758645106915,,https://earthquake.usgs.gov/earthquakes/eventpage/ci40448594,https://earthquake.usgs.gov/earthquakes/feed/v1.0/detail/ci40448594.geojson,,,,,automatic,0,26,ci,40448594,",ci40448594,",",ci,",",nearby-cities,origin,phase-data,scitech-link,",30,0.007437,0.22,54.0,ml,earthquake,"M 1.3 - 16 km WNW of Progreso, B.C., MX"
ci40448586,-115.7401667,32.6516667,4.95,1.27,"17 km WNW of Progreso, B.C., MX",1758618068230,1758644970904,,https://earthquake.usgs.gov/earthquakes/eventpage/ci40448586,https://earthquake.usgs.gov/earthquakes/feed/v1.0/detail/ci40448586.geojson,,,,,automatic,0,25,ci,40448586,",ci40448586,",",ci,",",nearby-cities,origin,phase-data,scitech-link,",27,0.01186,0.19,76.0,ml,earthquake,"M 1.3 - 17 km WNW of Progreso, B.C., MX"
ci40448578,-116.6566667,33.4266667,4.47,0.23,"14 km S of Anza, CA",1758618000150,1758644913576,,https://earthquake.usgs.gov/earthquakes/eventpage/ci40448578,https://earthquake.usgs.gov/earthquakes/feed/v1.0/detail/ci40448578.geojson,,,,,automatic,0,1,ci,40448578,",ci40448578,",",ci,",",nearby-cities,origin,phase-data,scitech-link,",23,0.03418,0.13,56.0,ml,earthquake,"M 0.2 - 14 km S of Anza, CA"
pr71496368,-66.9448333333333,18.9398333333333,5.19,2.97,"49 km N of Isabela, Puerto Rico",1758617410810,1758618409420,,https://earthquake.usgs.gov/earthquakes/eventpage/pr71496368,https://earthquake.usgs.gov/earthquakes/feed/v1.0/detail/pr71496368.geojson,,,,,reviewed,0,136,pr,71496368,",pr71496368,",",pr,",",origin,phase-data,",14,0.4956,0.25,283.0,md,earthquake,"M 3.0 - 49 km N of Isabela, Puerto Rico"
nc75240827,-122.240165710449,37.8543319702148,7.07000017166138,1.09,"3 km  of Piedmont, CA",1758616407020,1758617538710,,https://earthquake.usgs.gov/earthquakes/eventpage/nc75240827,https://earthquake.usgs.gov/earthquakes/feed/v1.0/detail/nc75240827.geojson,,,,,automatic,0,18,nc,75240827,",nc75240827,",",nc,",",nearby-cities,origin,phase-data,scitech-link,",11,0.02215,0.03,79.0,md,earthquake,"M 1.1 - 3 km  of Piedmont, CA"
tx2025stcbnh,-101.399,32.409,6.8604,0.9,"14 km NNW of Sand Springs, Texas",1758615702119,1758627307526,,https://earthquake.usgs.gov/earthquakes/eventpage/tx2025stcbnh,https://earthquake.usgs.gov/earthquakes/feed/v1.0/detail/tx2025stcbnh.geojson,,,,,reviewed,0,12,tx,2025stcbnh,",tx2025stcbnh,",",tx,",",origin,phase-data,",23,0.0,0.2,61.0,ml,earthquake,"M 0.9 - 14 km NNW of Sand Springs, Texas"
tx2025stbtyv,-103.799,31.967,7.9456,1.2,"34 km NNW of Mentone, Texas",1758615266973,1758620270935,,https://earthquake.usgs.gov/earthquakes/eventpage/tx2025stbtyv,https://earthquake.usgs.gov/earthquakes/feed/v1.0/detail/tx2025stbtyv.geojson,,,,,reviewed,0,22,tx,2025stbtyv,",tx2025stbtyv,",",tx,",",origin,phase-data,",33,0.0,0.2,69.0,ml,earthquake,"M 1.2 - 34 km NNW of Mentone, Texas"
uw62192961,-121.9905,46.883833333333335,10.88,0.52,"14 km NNE of Ashford, Washington",1758615095560,1758648458130,,https://earthquake.usgs.gov/earthquakes/eventpage/uw62192961,https://earthquake.usgs.gov/earthquakes/feed/v1.0/detail/uw62192961.geojson,,,,,reviewed,0,4,uw,62192961,",uw62192961,",",uw,",",origin,phase-data,",20,0.0307,0.08,125.0,ml,earthquake,"M 0.5 - 14 km NNE of Ashford, Washington"
ci40448570,-117.4273333,35.6106667,6.1,0.8,"18 km S of Searles Valley, CA",1758614131490,1758644866705,,https://earthquake.usgs.gov/earthquakes/eventpage/ci40448570,https://earthquake.usgs.gov/earthquakes/feed/v1.0/detail/ci40448570.geojson,,,,,automatic,0,10,ci,40448570,",ci40448570,",",ci,",",nearby-cities,origin,phase-data,scitech-link,",20,0.05441,0.14,78.0,ml,earthquake,"M 0.8 - 18 km S of Searles Valley, CA"
ak025c81effm,-150.8062,61.6553,54.9,1.6,"19 km NW of Susitna, Alaska",1758613622427,1758613712286,,https://earthquake.usgs.gov/earthquakes/eventpage/ak025c81effm,https://earthquake.usgs.gov/earthquakes/feed/v1.0/detail/ak025c81effm.geojson,,,,,automatic,0,39,ak,025c81effm,",ak025c81effm,",",ak,",",origin,phase-data,",,,0.59,,ml,earthquake,"M 1.6 - 19 km NW of Susitna, Alaska"
nc75240822,-118.551330566406,37.4283332824707,13.9799995422363,2.08,"4 km E of Round Valley, CA",1758613486460,1758619339891,,https://earthquake.usgs.gov/earthquakes/eventpage/nc75240822,https://earthquake.usgs.gov/earthquakes/feed/v1.0/detail/nc75240822.geojson,1,2.1,,,automatic,0,67,nc,75240822,",nc75240822,",",nc,",",dyfi,focal-mechanism,nearby-cities,origin,phase-data,scitech-link,",26,0.09731,0.05,133.0,md,earthquake,"M 2.1 - 4 km E of Round Valley, CA"
tx2025stalch,-99.083,28.878,3.3497,1.6,"1 km SE of Pearsall, Texas",1758612743831,1758629707778,,https://earthquake.usgs.gov/earthquakes/eventpage/tx2025stalch,https://earthquake.usgs.gov/earthquakes/feed/v1.0/detail/tx2025stalch.geojson,,,,,reviewed,0,39,tx,2025stalch,",tx2025stalch,",",tx,",",origin,phase-data,",20,0.0,0.4,66.0,ml,earthquake,"M 1.6 - 1 km SE of Pearsall, Texas"
nc75240817,-122.241996765137,37.8544998168945,6.8899998664856,2.26,"3 km SE of Berkeley, CA",1758612031110,1758659703722,,https://earthquake.usgs.gov/earthquakes/eventpage/nc75240817,https://earthquake.usgs.gov/earthquakes/feed/v1.0/detail/nc75240817.geojson,108,3.4,,,automatic,0,115,nc,75240817,",nc75240817,",",nc,",",dyfi,focal-mechanism,nearby-cities,origin,phase-data,scitech-link,",64,0.01903,0.07,30.0,md,earthquake,"M 2.3 - 3 km SE of Berkeley, CA"
ci40448554,-116.7213333,33.5326667,4.5,1.1,"5 km WSW of Anza, CA",1758611836770,1758649402737,,https://earthquake.usgs.gov/earthquakes/eventpage/ci40448554,https://earthquake.usgs.gov/earthquakes/feed/v1.0/detail/ci40448554.geojson,,,,,reviewed,0,19,ci,40448554,",ci40448554,",",ci,",",nearby-cities,origin,phase-data,scitech-link,",65,0.07841,0.2,32.0,ml,earthquake,"M 1.1 - 5 km WSW of Anza, CA"
ak025c816y6u,-150.4237,63.0962,86.1,1.6,"69 km NNE of Petersville, Alaska",1758611533027,1758611669348,,https://earthquake.usgs.gov/earthquakes/eventpage/ak025c816y6u,https://earthquake.usgs.gov/earthquakes/feed/v1.0/detail/ak025c816y6u.geojson,,,,,automatic,0,39,ak,025c816y6u,",ak025c816y6u,",",ak,",",origin,phase-data,",,,0.59,,ml,earthquake,"M 1.6 - 69 km NNE of Petersville, Alaska"
ak025c80v5kw,-150.3361,61.6647,18.8,1.4,"16 km NE of Susitna, Alaska",1758610630083,1758610744139,,https://earthquake.usgs.gov/earthquakes/eventpage/ak025c80v5kw,https://earthquake.usgs.gov/earthquakes/feed/v1.0/detail/ak025c80v5kw.geojson,,,,,automatic,0,30,ak,025c80v5kw,",ak025c80v5kw,",",ak,",",origin,phase-data,",,,0.45,,ml,earthquake,"M 1.4 - 16 km NE of Susitna, Alaska"
pr71496353,-65.2955,18.8915,22.08,3.44,"65 km N of Culebra, Puerto Rico",1758610601710,1758611990370,,https://earthquake.usgs.gov/earthquakes/eventpage/pr71496353,https://earthquake.usgs.gov/earthquakes/feed/v1.0/detail/pr71496353.geojson,,,,,reviewed,0,182,pr,71496353,",pr71496353,",",pr,",",origin,phase-data,",25,0.7134,0.25,229.0,md,earthquake,"M 3.4 - 65 km N of Culebra, Puerto Rico"
uw62192956,-121.70416666666667,45.3705,0.13,-0.68,"8 km NNE of Government Camp, Oregon",1758610595660,1758651556980,,https://earthquake.usgs.gov/earthquakes/eventpage/uw62192956,https://earthquake.usgs.gov/earthquakes/feed/v1.0/detail/uw62192956.geojson,,,,,reviewed,0,0,uw,62192956,",uw62192956,",",uw,",",origin,phase-data,",5,0.01197,0.07,110.0,md,earthquake,"M -0.7 - 8 km NNE of Government Camp, Oregon"
nc75240812,-120.775833129883,35.5156669616699,7.13000011444092,1.25,"7 km WSW of Templeton, CA",1758610172270,1758616636619,,https://earthquake.usgs.gov/earthquakes/eventpage/nc75240812,https://earthquake.usgs.gov/earthquakes/feed/v1.0/detail/nc75240812.geojson,,,,,automatic,0,24,nc,75240812,",nc75240812,",",nc,",",nearby-cities,origin,phase-data,scitech-link,",13,0.1104,0.05,118.0,md,earthquake,"M 1.3 - 7 km WSW of Templeton, CA"
tx2025ssyyin,-104.397,31.675,5.5872,1.4,"55 km S of Whites City, New Mexico",1758610048123,1758635652732,,https://earthquake.usgs.gov/earthquakes/eventpage/tx2025ssyyin,https://earthquake.usgs.gov/earthquakes/feed/v1.0/detail/tx2025ssyyin.geojson,,,,,reviewed,0,30,tx,2025ssyyin,",tx2025ssyyin,",",tx,",",origin,phase-data,",17,0.0,0.1,69.0,ml,earthquake,"M 1.4 - 55 km S of Whites City, New Mexico"
uw62192946,-122.63233333333334,47.94133333333333,20.06,0.93,"4 km ENE of Port Ludlow, Washington",1758609392500,1758650347020,,https://earthquake.usgs.gov/earthquakes/eventpage/uw62192946,https://earthquake.usgs.gov/earthquakes/feed/v1.0/detail/uw62192946.geojson,,,,,reviewed,0,13,uw,62192946,",uw62192946,",",uw,",",origin,phase-data,",11,0.05428,0.13,100.0,ml,earthquake,"M 0.9 - 4 km ENE of Port Ludlow, Washington"
nc75240807,-122.25366973877,37.8716659545898,8.0600004196167,1.03,"2 km ESE of Berkeley, CA",1758609343790,1758610336866,,https://earthquake.usgs.gov/earthquakes/eventpage/nc75240807,https://earthquake.usgs.gov/earthquakes/feed/v1.0/detail/nc75240807.geojson,,,,,automatic,0,16,nc,75240807,",nc75240807,",",nc,",",nearby-cities,origin,phase-data,scitech-link,",15,0.006964,0.04,61.0,md,earthquake,"M 1.0 - 2 km ESE of Berkeley, CA"
nn00904847,-115.9303,37.7017,10.2,1.0,"17 km WNW of Rachel, Nevada",1758609308572,1758651339637,,https://earthquake.usgs.gov/earthquakes/eventpage/nn00904847,https://earthquake.usgs.gov/earthquakes/feed/v1.0/detail/nn00904847.geojson,,,,,reviewed,0,15,nn,00904847,",nn00904847,",",nn,",",origin,phase-data,",18,0.156,0.1645,157.95000000000002,ml,earthquake,"M 1.0 - 17 km WNW of Rachel, Nevada"
us6000rc8h,-67.3488,-22.1481,167.849,4.2,"121 km NE of San Pedro de Atacama, Chile",1758608791327,1758610739040,,https://earthquake.usgs.gov/earthquakes/eventpage/us6000rc8h,https://earthquake.usgs.gov/earthquakes/feed/v1.0/detail/us6000rc8h.geojson,,,,,reviewed,0,271,us,6000rc8h,",us6000rc8h,",",us,",",origin,phase-data,",53,1.108,1.1,62.0,mb,earthquake,"M 4.2 - 121 km NE of San Pedro de Atacama, Chile"
us6000rc8i,-30.8582,38.079,10.0,5.2,"146 km S of Lajes das Flores, Portugal",1758608727034,1758617063040,,https://earthquake.usgs.gov/earthquakes/eventpage/us6000rc8i,https://earthquake.usgs.gov/earthquakes/feed/v1.0/detail/us6000rc8i.geojson,,,,,reviewed,0,416,us,6000rc8i,",us6000rc8i,",",us,",",moment-tensor,origin,phase-data,",125,4.229,0.58,47.0,mww,earthquake,"M 5.2 - 146 km S of Lajes das Flores, Portugal"
us6000rc8g,160.2392,52.7258,35.0,5.0,"114 km ESE of Petropavlovsk-Kamchatsky, Russia",1758608385605,1758609419040,,https://earthquake.usgs.gov/earthquakes/eventpage/us6000rc8g,https://earthquake.usgs.gov/earthquakes/feed/v1.0/detail/us6000rc8g.geojson,,,,,reviewed,0,385,us,6000rc8g,",us6000rc8g,",",us,",",origin,phase-data,",110,1.008,0.87,119.0,mb,earthquake,"M 5.0 - 114 km ESE of Petropavlovsk-Kamchatsky, Russia"
nc75240802,-122.804168701172,38.821834564209,3.0699999332428,1.4,"6 km NNW of The Geysers, CA",1758607666860,1758615137461,,https://earthquake.usgs.gov/earthquakes/eventpage/nc75240802,https://earthquake.usgs.gov/earthquakes/feed/v1.0/detail/nc75240802.geojson,,,,,automatic,0,30,nc,75240802,",nc75240802,",",nc,",",nearby-cities,origin,phase-data,scitech-link,",28,0.004869,0.02,39.0,md,earthquake,"M 1.4 - 6 km NNW of The Geysers, CA"
nc75240792,-120.775665283203,35.5158348083496,6.71000003814697,2.22,"7 km WSW of Templeton, CA",1758606801340,1758645284911,,https://earthquake.usgs.gov/earthquakes/eventpage/nc75240792,https://earthquake.usgs.gov/earthquakes/feed/v1.0/detail/nc75240792.geojson,9,3.1,,,automatic,0,79,nc,75240792,",nc75240792,",",nc,",",dyfi,focal-mechanism,nearby-cities,origin,phase-data,scitech-link,",34,0.1106,0.05,51.0,md,earthquake,"M 2.2 - 7 km WSW of Templeton, CA"
ci40448522,-119.8333333,35.33,7.59,1.08,"15 km E of Simmler, CA",1758606740710,1758644606235,,https://earthquake.usgs.gov/earthquakes/eventpage/ci40448522,https://earthquake.usgs.gov/earthquakes/feed/v1.0/detail/ci40448522.geojson,,,,,automatic,0,18,ci,40448522,",ci40448522,",",ci,",",nearby-cities,origin,phase-data,scitech-link,",15,0.06841,0.23,177.0,ml,earthquake,"M 1.1 - 15 km E of Simmler, CA"
nc75240787,-122.77433013916,38.8059997558594,1.6599999666214,0.74,"4 km NNW of The Geysers, CA",1758606524910,1758607940613,,https://earthquake.usgs.gov/earthquakes/eventpage/nc75240787,https://earthquake.usgs.gov/earthquakes/feed/v1.0/detail/nc75240787.geojson,,,,,automatic,0,8,nc,75240787,",nc75240787,",",nc,",",nearby-cities,origin,phase-data,scitech-link,",8,0.008786,0.02,75.0,md,earthquake,"M 0.7 - 4 km NNW of The Geysers, CA"
pr2025266001,-68.3823,19.3848,59.0,3.72,"82 km ENE of Miches, Dominican Republic",1758606111200,1758608240412,,https://earthquake.usgs.gov/earthquakes/eventpage/pr2025266001,https://earthquake.usgs.gov/earthquakes/feed/v1.0/detail/pr2025266001.geojson,,,,,reviewed,0,213,pr,2025266001,",pr2025266001,",",pr,",",origin,phase-data,",15,0.8115,0.31,211.0,md,earthquake,"M 3.7 - 82 km ENE of Miches, Dominican Republic"
us6000rc8b,-25.3072,-58.7918,34.281,5.1,South Sandwich Islands region,1758605793652,1758606944040,,https://earthquake.usgs.gov/earthquakes/eventpage/us6000rc8b,https://earthquake.usgs.gov/earthquakes/feed/v1.0/detail/us6000rc8b.geojson,,,,,reviewed,0,400,us,6000rc8b,",us6000rc8b,",",us,",",origin,phase-data,",64,15.82,1.03,69.0,mb,earthquake,M 5.1 - South Sandwich Islands region
nc75240782,-122.814002990723,38.8273315429688,2.17000007629395,1.09,"7 km NNW of The Geysers, CA",1758603915640,1758604013606,,https://earthquake.usgs.gov/earthquakes/eventpage/nc75240782,https://earthquake.usgs.gov/earthquakes/feed/v1.0/detail/nc75240782.geojson,,,,,automatic,0,18,nc,75240782,",nc75240782,",",nc,",",nearby-cities,origin,phase-data,",17,0.004987,0.01,58.0,md,earthquake,"M 1.1 - 7 km NNW of The Geysers, CA"
nc75240777,-122.813835144043,38.8273315429688,2.17000007629395,1.3,"7 km NNW of The Geysers, CA",1758603867580,1758608837707,,https://earthquake.usgs.gov/earthquakes/eventpage/nc75240777,https://earthquake.usgs.gov/earthquakes/feed/v1.0/detail/nc75240777.geojson,,,,,automatic,0,26,nc,75240777,",nc75240777,",",nc,",",nearby-cities,origin,phase-data,scitech-link,",22,0.004907,0.01,57.0,md,earthquake,"M 1.3 - 7 km NNW of The Geysers, CA"
tx2025ssvmwv,-101.699,32.178,8.0322,1.0,"10 km ENE of Stanton, Texas",1758603812584,1758614620001,,https://earthquake.usgs.gov/earthquakes/eventpage/tx2025ssvmwv,https://earthquake.usgs.gov/earthquakes/feed/v1.0/detail/tx2025ssvmwv.geojson,,,,,reviewed,0,15,tx,2025ssvmwv,",tx2025ssvmwv,",",tx,",",origin,phase-data,",39,0.0,0.2,38.0,ml,earthquake,"M 1.0 - 10 km ENE of Stanton, Texas"
nc75240772,-122.24666595459,37.8611679077148,6.90999984741211,1.76,"3 km SE of Berkeley, CA",1758603560860,1758613545470,,https://earthquake.usgs.gov/earthquakes/eventpage/nc75240772,https://earthquake.usgs.gov/earthquakes/feed/v1.0/detail/nc75240772.geojson,4,2.0,,,automatic,0,48,nc,75240772,",nc75240772,",",nc,",",dyfi,focal-mechanism,nearby-cities,origin,phase-data,scitech-link,",39,0.01642,0.09,29.0,md,earthquake,"M 1.8 - 3 km SE of Berkeley, CA"
uw62192931,-122.52133333333333,46.153333333333336,8.81,0.47000000000000003,"27 km NNW of Amboy, Washington",1758601632270,1758649035710,,https://earthquake.usgs.gov/earthquakes/eventpage/uw62192931,https://earthquake.usgs.gov/earthquakes/feed/v1.0/detail/uw62192931.geojson,,,,,reviewed,0,3,uw,62192931,",uw62192931,",",uw,",",origin,phase-data,",7,0.1202,0.11,321.0,ml,earthquake,"M 0.5 - 27 km NNW of Amboy, Washington"
tx2025ssuggv,-100.662,32.762,8.8135,2.0,"16 km NNE of Hermleigh, Texas",1758601558043,1758613533287,,https://earthquake.usgs.gov/earthquakes/eventpage/tx2025ssuggv,https://earthquake.usgs.gov/earthquakes/feed/v1.0/detail/tx2025ssuggv.geojson,,,,,reviewed,0,62,tx,2025ssuggv,",tx2025ssuggv,",",tx,",",origin,phase-data,",26,0.1,0.2,71.0,ml,earthquake,"M 2.0 - 16 km NNE of Hermleigh, Texas"
ak025c7zgjx9,-146.6767,61.0056,45.4,1.5,"15 km N of Tatitlek, Alaska",1758601261414,1758601393767,,https://earthquake.usgs.gov/earthquakes/eventpage/ak025c7zgjx9,https://earthquake.usgs.gov/earthquakes/feed/v1.0/detail/ak025c7zgjx9.geojson,,,,,automatic,0,35,ak,025c7zgjx9,",ak025c7zgjx9,",",ak,",",origin,phase-data,",,,1.31,,ml,earthquake,"M 1.5 - 15 km N of Tatitlek, Alaska"
ci40448514,-117.1976667,34.0038333,5.85,1.16,"6 km SSW of Redlands, CA",1758600936460,1758644470224,,https://earthquake.usgs.gov/earthquakes/eventpage/ci40448514,https://earthquake.usgs.gov/earthquakes/feed/v1.0/detail/ci40448514.geojson,,,,,automatic,0,21,ci,40448514,",ci40448514,",",ci,",",nearby-cities,origin,phase-data,scitech-link,",55,0.05999,0.15,27.0,ml,earthquake,"M 1.2 - 6 km SSW of Redlands, CA"
tx2025ssttmh,-103.998,31.615,7.7917,1.5,"38 km NNW of Toyah, Texas",1758600657146,1758633521905,,https://earthquake.usgs.gov/earthquakes/eventpage/tx2025ssttmh,https://earthquake.usgs.gov/earthquakes/feed/v1.0/detail/tx2025ssttmh.geojson,,,,,reviewed,0,35,tx,2025ssttmh,",tx2025ssttmh,",",tx,",",origin,phase-data,",17,0.0,0.1,56.0,ml,earthquake,"M 1.5 - 38 km NNW of Toyah, Texas"
nc75240762,-122.81266784668,38.8279991149902,0.819999992847443,1.04,"7 km NNW of The Geysers, CA",1758600427600,1758604043112,,https://earthquake.usgs.gov/earthquakes/eventpage/nc75240762,https://earthquake.usgs.gov/earthquakes/feed/v1.0/detail/nc75240762.geojson,,,,,automatic,0,17,nc,75240762,",nc75240762,",",nc,",",nearby-cities,origin,phase-data,scitech-link,",14,0.005024,0.03,76.0,md,earthquake,"M 1.0 - 7 km NNW of The Geysers, CA"
ci40448506,-116.7301667,33.1966667,9.38,0.59,"6 km SSE of Lake Henshaw, CA",1758600338110,1758644394215,,https://earthquake.usgs.gov/earthquakes/eventpage/ci40448506,https://earthquake.usgs.gov/earthquakes/feed/v1.0/detail/ci40448506.geojson,,,,,automatic,0,5,ci,40448506,",ci40448506,",",ci,",",nearby-cities,origin,phase-data,scitech-link,",20,0.04595,0.2,40.0,ml,earthquake,"M 0.6 - 6 km SSE of Lake Henshaw, CA"
nn00904845,-119.0405,39.097,5.4,1.2,"16 km NE of Yerington, Nevada",1758600214147,1758650050762,,https://earthquake.usgs.gov/earthquakes/eventpage/nn00904845,https://earthquake.usgs.gov/earthquakes/feed/v1.0/detail/nn00904845.geojson,,,,,reviewed,0,22,nn,00904845,",nn00904845,",",nn,",",origin,phase-data,",18,0.192,0.1817,81.32999999999998,ml,earthquake,"M 1.2 - 16 km NE of Yerington, Nevada"
tx2025sstght,-99.098,28.836,8.3515,1.5,"6 km S of Pearsall, Texas",1758599737556,1758624414243,,https://earthquake.usgs.gov/earthquakes/eventpage/tx2025sstght,https://earthquake.usgs.gov/earthquakes/feed/v1.0/detail/tx2025sstght.geojson,,,,,reviewed,0,35,tx,2025sstght,",tx2025sstght,",",tx,",",origin,phase-data,",13,0.0,0.3,83.0,ml,earthquake,"M 1.5 - 6 km S of Pearsall, Texas"
uw62192926,-122.707,47.55116666666667,22.82,0.8300000000000001,"2 km N of Gorst, Washington",1758599530250,1758648070520,,https://earthquake.usgs.gov/earthquakes/eventpage/uw62192926,https://earthquake.usgs.gov/earthquakes/feed/v1.0/detail/uw62192926.geojson,,,,,reviewed,0,11,uw,62192926,",uw62192926,",",uw,",",origin,phase-data,",7,0.06399,0.11,241.0,ml,earthquake,"M 0.8 - 2 km N of Gorst, Washington"
nn00904842,-118.0327,38.1164,12.4,1.8,"31 km SSE of Mina, Nevada",1758599478497,1758645808946,,https://earthquake.usgs.gov/earthquakes/eventpage/nn00904842,https://earthquake.usgs.gov/earthquakes/feed/v1.0/detail/nn00904842.geojson,,,,,reviewed,0,50,nn,00904842,",nn00904842,",",nn,",",origin,phase-data,",12,0.091,0.126,63.31,ml,earthquake,"M 1.8 - 31 km SSE of Mina, Nevada"
ak025c7z0dlk,-141.7837,61.1081,3.5,1.4,"70 km ESE of McCarthy, Alaska",1758599154486,1758599295288,,https://earthquake.usgs.gov/earthquakes/eventpage/ak025c7z0dlk,https://earthquake.usgs.gov/earthquakes/feed/v1.0/detail/ak025c7z0dlk.geojson,,,,,automatic,0,30,ak,025c7z0dlk,",ak025c7z0dlk,",",ak,",",origin,phase-data,",,,0.35,,ml,earthquake,"M 1.4 - 70 km ESE of McCarthy, Alaska"
uw62192921,-122.77,48.155,21.4,1.27,"4 km N of Port Townsend, Washington",1758598925650,1758647719020,,https://earthquake.usgs.gov/earthquakes/eventpage/uw62192921,https://earthquake.usgs.gov/earthquakes/feed/v1.0/detail/uw62192921.geojson,,,,,reviewed,0,25,uw,62192921,",uw62192921,",",uw,",",origin,phase-data,",29,0.05894,0.14,55.0,ml,earthquake,"M 1.3 - 4 km N of Port Townsend, Washington"
ok2025sqlp,-97.80116667,35.96183333,7.27,2.34,"10 km ESE of Dover, Oklahoma",1758598870869,1758629099756,,https://earthquake.usgs.gov/earthquakes/eventpage/ok2025sqlp,https://earthquake.usgs.gov/earthquakes/feed/v1.0/detail/ok2025sqlp.geojson,1,3.4,,,reviewed,0,85,ok,2025sqlp,",ok2025sqlp,us6000rc7t,",",ok,us,",",dyfi,origin,phase-data,",95,0.1178768685,0.14,37.0,ml,earthquake,"M 2.3 - 10 km ESE of Dover, Oklahoma"
nc75240752,-122.821830749512,38.8106651306152,2.99000000953674,0.75,"7 km NW of The Geysers, CA",1758598851990,1758600436705,,https://earthquake.usgs.gov/earthquakes/eventpage/nc75240752,https://earthquake.usgs.gov/earthquakes/feed/v1.0/detail/nc75240752.geojson,,,,,automatic,0,9,nc,75240752,",nc75240752,",",nc,",",nearby-cities,origin,phase-data,scitech-link,",9,0.006014,0.02,102.0,md,earthquake,"M 0.8 - 7 km NW of The Geysers, CA"
ok2025sqlm,-97.95733333,35.98783333,6.31,1.34,"4 km W of Dover, Oklahoma",1758598624750,1758630963720,,https://earthquake.usgs.gov/earthquakes/eventpage/ok2025sqlm,https://earthquake.usgs.gov/earthquakes/feed/v1.0/detail/ok2025sqlm.geojson,,,,,reviewed,0,28,ok,2025sqlm,",ok2025sqlm,",",ok,",",origin,phase-data,",76,0.04229170093,0.26,55.0,ml,earthquake,"M 1.3 - 4 km W of Dover, Oklahoma"
us6000rc7s,-74.9702,-40.1291,9.65,5.2,"134 km W of Corral, Chile",1758598607911,1758642093122,,https://earthquake.usgs.gov/earthquakes/eventpage/us6000rc7s,https://earthquake.usgs.gov/earthquakes/feed/v1.0/detail/us6000rc7s.geojson,1,2.9,,,reviewed,0,416,us,6000rc7s,",us6000rc7s,",",us,",",dyfi,moment-tensor,origin,phase-data,",43,1.212,1.28,154.0,mww,earthquake,"M 5.2 - 134 km W of Corral, Chile"
nc75240747,-122.802833557129,38.8313331604004,1.5900000333786,0.27,"7 km WNW of Cobb, CA",1758598126850,1758602537944,,https://earthquake.usgs.gov/earthquakes/eventpage/nc75240747,https://earthquake.usgs.gov/earthquakes/feed/v1.0/detail/nc75240747.geojson,,,,,automatic,0,1,nc,75240747,",nc75240747,",",nc,",",nearby-cities,origin,phase-data,scitech-link,",7,0.009737,0.01,88.0,md,earthquake,"M 0.3 - 7 km WNW of Cobb, CA"
nc75240742,-122.767501831055,38.7861671447754,2.82999992370605,0.89,"1 km NNW of The Geysers, CA",1758597704080,1758601039766,,https://earthquake.usgs.gov/earthquakes/eventpage/nc75240742,https://earthquake.usgs.gov/earthquakes/feed/v1.0/detail/nc75240742.geojson,,,,,automatic,0,12,nc,75240742,",nc75240742,",",nc,",",nearby-cities,origin,phase-data,scitech-link,",9,0.01548,0.03,101.0,md,earthquake,"M 0.9 - 1 km NNW of The Geysers, CA"
ak025c7yrk2v,-145.4389,63.336,7.1,1.7,"28 km NNE of Paxson, Alaska",1758596679423,1758596867008,,https://earthquake.usgs.gov/earthquakes/eventpage/ak025c7yrk2v,https://earthquake.usgs.gov/earthquakes/feed/v1.0/detail/ak025c7yrk2v.geojson,,,,,automatic,0,44,ak,025c7yrk2v,",ak025c7yrk2v,",",ak,",",origin,phase-data,",,,0.51,,ml,earthquake,"M 1.7 - 28 km NNE of Paxson, Alaska"
ci40448498,-115.9951667,33.1475,7.46,1.48,"13 km E of Ocotillo Wells, CA",1758596592720,1758654623369,,https://earthquake.usgs.gov/earthquakes/eventpage/ci40448498,https://earthquake.usgs.gov/earthquakes/feed/v1.0/detail/ci40448498.geojson,,,,,reviewed,0,34,ci,40448498,",ci40448498,",",ci,",",nearby-cities,origin,phase-data,scitech-link,",61,0.02976,0.2,34.0,ml,earthquake,"M 1.5 - 13 km E of Ocotillo Wells, CA"
tx2025ssrlhu,-99.048,28.786,3.235,1.5,"12 km SSE of Pearsall, Texas",1758596463956,1758626844478,,https://earthquake.usgs.gov/earthquakes/eventpage/tx2025ssrlhu,https://earthquake.usgs.gov/earthquakes/feed/v1.0/detail/tx2025ssrlhu.geojson,,,,,reviewed,0,35,tx,2025ssrlhu,",tx2025ssrlhu,",",tx,",",origin,phase-data,",16,0.1,0.4,59.0,ml,earthquake,"M 1.5 - 12 km SSE of Pearsall, Texas"
ak025c7yhpf0,-150.5594,63.2585,120.6,1.8,"66 km ESE of Denali National Park, Alaska",1758596323003,1758596480095,,https://earthquake.usgs.gov/earthquakes/eventpage/ak025c7yhpf0,https://earthquake.usgs.gov/earthquakes/feed/v1.0/detail/ak025c7yhpf0.geojson,,,,,automatic,0,50,ak,025c7yhpf0,",ak025c7yhpf0,",",ak,",",origin,phase-data,",,,0.3,,ml,earthquake,"M 1.8 - 66 km ESE of Denali National Park, Alaska"
ok2025sqjw,-97.95783333,35.993,4.22,1.33,"4 km WNW of Dover, Oklahoma",1758595676979,1758630228233,,https://earthquake.usgs.gov/earthquakes/eventpage/ok2025sqjw,https://earthquake.usgs.gov/earthquakes/feed/v1.0/detail/ok2025sqjw.geojson,,,,,reviewed,0,27,ok,2025sqjw,",ok2025sqjw,",",ok,",",origin,phase-data,",78,0.04589099462,0.27,36.0,ml,earthquake,"M 1.3 - 4 km WNW of Dover, Oklahoma"
nn00904839,-116.4246,37.0282,10.1,0.6,"32 km ENE of Beatty, Nevada",1758594757025,1758635895121,,https://earthquake.usgs.gov/earthquakes/eventpage/nn00904839,https://earthquake.usgs.gov/earthquakes/feed/v1.0/detail/nn00904839.geojson,,,,,reviewed,0,6,nn,00904839,",nn00904839,",",nn,",",origin,phase-data,",28,0.029,0.1453,44.69999999999999,ml,earthquake,"M 0.6 - 32 km ENE of Beatty, Nevada"
ci40448482,-116.8308333,33.72,16.96,0.75,"7 km ESE of Valle Vista, CA",1758594472160,1758649422513,,https://earthquake.usgs.gov/earthquakes/eventpage/ci40448482,https://earthquake.usgs.gov/earthquakes/feed/v1.0/detail/ci40448482.geojson,,,,,reviewed,0,9,ci,40448482,",ci40448482,",",ci,",",nearby-cities,origin,phase-data,scitech-link,",36,0.08418,0.17,64.0,ml,earthquake,"M 0.8 - 7 km ESE of Valle Vista, CA"
us6000rc7j,-97.4972,38.6743,10.984,2.9,"6 km WSW of Gypsum, Kansas",1758594231646,1758646521700,,https://earthquake.usgs.gov/earthquakes/eventpage/us6000rc7j,https://earthquake.usgs.gov/earthquakes/feed/v1.0/detail/us6000rc7j.geojson,8,3.1,,,reviewed,0,132,us,6000rc7j,",us6000rc7j,",",us,",",dyfi,origin,phase-data,",35,0.728,0.57,94.0,mb_lg,earthquake,"M 2.9 - 6 km WSW of Gypsum, Kansas"
ci40448466,-116.8976667,33.3511667,15.13,0.83,"3 km W of Palomar Observatory, CA",1758594171190,1758644181049,,https://earthquake.usgs.gov/earthquakes/eventpage/ci40448466,https://earthquake.usgs.gov/earthquakes/feed/v1.0/detail/ci40448466.geojson,,,,,automatic,0,11,ci,40448466,",ci40448466,",",ci,",",nearby-cities,origin,phase-data,scitech-link,",46,0.02941,0.15,27.0,ml,earthquake,"M 0.8 - 3 km W of Palomar Observatory, CA"
nc75240737,-122.738830566406,38.7741661071777,0.839999973773956,1.01,"2 km ESE of The Geysers, CA",1758594014380,1758595039058,,https://earthquake.usgs.gov/earthquakes/eventpage/nc75240737,https://earthquake.usgs.gov/earthquakes/feed/v1.0/detail/nc75240737.geojson,,,,,automatic,0,16,nc,75240737,",nc75240737,",",nc,",",nearby-cities,origin,phase-data,scitech-link,",13,0.009206,0.04,68.0,md,earthquake,"M 1.0 - 2 km ESE of The Geysers, CA"
pr2025266000,-68.41,19.4686,69.0,3.74,"85 km NE of Miches, Dominican Republic",1758593785930,1758596815385,,https://earthquake.usgs.gov/earthquakes/eventpage/pr2025266000,https://earthquake.usgs.gov/earthquakes/feed/v1.0/detail/pr2025266000.geojson,,,,,reviewed,0,215,pr,2025266000,",us6000rc7h,pr2025266000,",",us,pr,",",origin,phase-data,",15,0.7985,0.45,219.0,md,earthquake,"M 3.7 - 85 km NE of Miches, Dominican Republic"
tx2025sspxvf,-99.075,28.848,7.7341,1.9,"5 km SSE of Pearsall, Texas",1758593716583,1758628773675,,https://earthquake.usgs.gov/earthquakes/eventpage/tx2025sspxvf,https://earthquake.usgs.gov/earthquakes/feed/v1.0/detail/tx2025sspxvf.geojson,,,,,reviewed,0,56,tx,2025sspxvf,",tx2025sspxvf,",",tx,",",origin,phase-data,",13,0.0,0.3,83.0,ml,earthquake,"M 1.9 - 5 km SSE of Pearsall, Texas"
tx2025sspslk,-101.202,32.174,8.3252,1.0,"16 km SE of Coahoma, Texas",1758593343640,1758618552617,,https://earthquake.usgs.gov/earthquakes/eventpage/tx2025sspslk,https://earthquake.usgs.gov/earthquakes/feed/v1.0/detail/tx2025sspslk.geojson,,,,,reviewed,0,15,tx,2025sspslk,",tx2025sspslk,",",tx,",",origin,phase-data,",16,0.1,0.2,70.0,ml,earthquake,"M 1.0 - 16 km SE of Coahoma, Texas"
tx2025sspmhj,-99.019,28.84,2.359,1.8,"9 km SE of Pearsall, Texas",1758592913586,1758625819393,,https://earthquake.usgs.gov/earthquakes/eventpage/tx2025sspmhj,https://earthquake.usgs.gov/earthquakes/feed/v1.0/detail/tx2025sspmhj.geojson,,,,,reviewed,0,50,tx,2025sspmhj,",tx2025sspmhj,",",tx,",",origin,phase-data,",23,0.1,0.5,79.0,ml,earthquake,"M 1.8 - 9 km SE of Pearsall, Texas"
tx2025ssphky,-99.024,28.781,4.9746,1.6,"14 km SSE of Pearsall, Texas",1758592573493,1758623784176,,https://earthquake.usgs.gov/earthquakes/eventpage/tx2025ssphky,https://earthquake.usgs.gov/earthquakes/feed/v1.0/detail/tx2025ssphky.geojson,,,,,reviewed,0,39,tx,2025ssphky,",tx2025ssphky,",",tx,",",origin,phase-data,",17,0.1,0.4,75.0,ml,earthquake,"M 1.6 - 14 km SSE of Pearsall, Texas"
ci40448458,-118.0681667,36.1496667,2.4,1.09,"16 km SSW of Olancha, CA",1758592535680,1758649439515,,https://earthquake.usgs.gov/earthquakes/eventpage/ci40448458,https://earthquake.usgs.gov/earthquakes/feed/v1.0/detail/ci40448458.geojson,,,,,reviewed,0,18,ci,40448458,",ci40448458,",",ci,",",nearby-cities,origin,phase-data,scitech-link,",27,0.1756,0.16,60.0,ml,earthquake,"M 1.1 - 16 km SSW of Olancha, CA"
nn00904837,-115.6068,37.6713,14.4,0.9,"12 km ENE of Rachel, Nevada",1758592017942,1758648574206,,https://earthquake.usgs.gov/earthquakes/eventpage/nn00904837,https://earthquake.usgs.gov/earthquakes/feed/v1.0/detail/nn00904837.geojson,,,,,reviewed,0,12,nn,00904837,",nn00904837,",",nn,",",origin,phase-data,",14,0.115,0.1433,119.42,ml,earthquake,"M 0.9 - 12 km ENE of Rachel, Nevada"
nn00904835,-115.9634,38.2684,7.6,2.2,"71 km NNW of Rachel, Nevada",1758591902820,1758644512557,,https://earthquake.usgs.gov/earthquakes/eventpage/nn00904835,https://earthquake.usgs.gov/earthquakes/feed/v1.0/detail/nn00904835.geojson,,,,,reviewed,0,74,nn,00904835,",nn00904835,",",nn,",",origin,phase-data,",12,0.308,0.1519,166.25,ml,earthquake,"M 2.2 - 71 km NNW of Rachel, Nevada"
tx2025ssowtb,-104.114,31.617,6.9458,1.3,"45 km NW of Toyah, Texas",1758591839452,1758635820749,,https://earthquake.usgs.gov/earthquakes/eventpage/tx2025ssowtb,https://earthquake.usgs.gov/earthquakes/feed/v1.0/detail/tx2025ssowtb.geojson,,,,,reviewed,0,26,tx,2025ssowtb,",tx2025ssowtb,",",tx,",",origin,phase-data,",18,0.0,0.1,61.0,ml,earthquake,"M 1.3 - 45 km NW of Toyah, Texas"
nc75240727,-122.241668701172,37.8558349609375,7.1399998664856,1.36,"3 km SE of Berkeley, CA",1758591159620,1758611337454,,https://earthquake.usgs.gov/earthquakes/eventpage/nc75240727,https://earthquake.usgs.gov/earthquakes/feed/v1.0/detail/nc75240727.geojson,40,2.5,,,automatic,0,38,nc,75240727,",nc75240727,",",nc,",",dyfi,nearby-cities,origin,phase-data,scitech-link,",23,0.02091,0.05,64.0,md,earthquake,"M 1.4 - 3 km SE of Berkeley, CA"
us6000rc7e,-68.4122,19.1348,13.029,2.6,"59 km NNE of Otra Banda, Dominican Republic",1758591097899,1758593159040,,https://earthquake.usgs.gov/earthquakes/eventpage/us6000rc7e,https://earthquake.usgs.gov/earthquakes/feed/v1.0/detail/us6000rc7e.geojson,,,,,reviewed,0,104,us,6000rc7e,",us6000rc7e,",",us,",",origin,phase-data,",17,0.618,0.32,187.0,ml,earthquake,"M 2.6 - 59 km NNE of Otra Banda, Dominican Republic"
nn00904831,-116.2561,36.7703,9.1,-0.2,"47 km ESE of Beatty, Nevada",1758591085698,1758633859577,,https://earthquake.usgs.gov/earthquakes/eventpage/nn00904831,https://earthquake.usgs.gov/earthquakes/feed/v1.0/detail/nn00904831.geojson,,,,,reviewed,0,0,nn,00904831,",nn00904831,",",nn,",",origin,phase-data,",23,0.034,0.0754,62.20000000000002,ml,earthquake,"M -0.2 - 47 km ESE of Beatty, Nevada"
uw62192896,-122.19816666666667,46.200833333333335,7.3,-0.15,"37 km NNE of Amboy, Washington",1758591044490,1758600113700,,https://earthquake.usgs.gov/earthquakes/eventpage/uw62192896,https://earthquake.usgs.gov/earthquakes/feed/v1.0/detail/uw62192896.geojson,,,,,reviewed,0,0,uw,62192896,",uw62192896,",",uw,",",origin,phase-data,",10,0.00882,0.11,100.0,ml,earthquake,"M -0.2 - 37 km NNE of Amboy, Washington"
nc75240722,-122.818000793457,38.8258323669434,1.30999994277954,1.25,"8 km NNW of The Geysers, CA",1758590622360,1758598037423,,https://earthquake.usgs.gov/earthquakes/eventpage/nc75240722,https://earthquake.usgs.gov/earthquakes/feed/v1.0/detail/nc75240722.geojson,1,0.0,,,automatic,0,24,nc,75240722,",nc75240722,",",nc,",",dyfi,nearby-cities,origin,phase-data,scitech-link,",8,0.006653,0.01,73.0,md,earthquake,"M 1.3 - 8 km NNW of The Geysers, CA"
ci40448442,-116.717,33.6638333,15.85,0.38,"8 km S of Idyllwild, CA",1758590571710,1758644012036,,https://earthquake.usgs.gov/earthquakes/eventpage/ci40448442,https://earthquake.usgs.gov/earthquakes/feed/v1.0/detail/ci40448442.geojson,,,,,automatic,0,2,ci,40448442,",ci40448442,",",ci,",",nearby-cities,origin,phase-data,scitech-link,",18,0.03638,0.15,83.0,ml,earthquake,"M 0.4 - 8 km S of Idyllwild, CA"
nc75240717,-122.244667053223,37.8580017089844,7.07999992370605,2.96,"3 km SE of Berkeley, CA",1758590517600,1758666970814,,https://earthquake.usgs.gov/earthquakes/eventpage/nc75240717,https://earthquake.usgs.gov/earthquakes/feed/v1.0/detail/nc75240717.geojson,2546,4.6,,,automatic,0,595,nc,75240717,",nc75240717,us6000rc7b,",",nc,us,",",dyfi,focal-mechanism,nearby-cities,origin,phase-data,scitech-link,",83,0.01499,0.08,29.0,md,earthquake,"M 3.0 - 3 km SE of Berkeley, CA"
us6000rc7c,95.4023,2.911,21.418,5.1,"118 km WNW of Sinabang, Indonesia",1758590438285,1758592285040,,https://earthquake.usgs.gov/earthquakes/eventpage/us6000rc7c,https://earthquake.usgs.gov/earthquakes/feed/v1.0/detail/us6000rc7c.geojson,,,,,reviewed,0,400,us,6000rc7c,",us6000rc7c,",",us,",",origin,phase-data,",77,2.695,0.51,53.0,mb,earthquake,"M 5.1 - 118 km WNW of Sinabang, Indonesia"
us6000rc7f,95.5549,2.958,27.323,4.4,"105 km WNW of Sinabang, Indonesia",1758590354311,1758592052040,,https://earthquake.usgs.gov/earthquakes/eventpage/us6000rc7f,https://earthquake.usgs.gov/earthquakes/feed/v1.0/detail/us6000rc7f.geojson,,,,,reviewed,0,298,us,6000rc7f,",us6000rc7f,",",us,",",origin,phase-data,",19,2.603,0.45,159.0,mb,earthquake,"M 4.4 - 105 km WNW of Sinabang, Indonesia"
nc75240702,-122.795333862305,38.8165016174316,2.41000008583069,1.26,"6 km NNW of The Geysers, CA",1758589396210,1758595641127,,https://earthquake.usgs.gov/earthquakes/eventpage/nc75240702,https://earthquake.usgs.gov/earthquakes/feed/v1.0/detail/nc75240702.geojson,,,,,automatic,0,24,nc,75240702,",nc75240702,",",nc,",",nearby-cities,origin,phase-data,scitech-link,",22,0.008521,0.02,44.0,md,earthquake,"M 1.3 - 6 km NNW of The Geysers, CA"
tx2025ssnaxa,-98.884,28.662,7.6145,1.8,"22 km NNW of Fowlerton, Texas",1758588497970,1758619295260,,https://earthquake.usgs.gov/earthquakes/eventpage/tx2025ssnaxa,https://earthquake.usgs.gov/earthquakes/feed/v1.0/detail/tx2025ssnaxa.geojson,,,,,reviewed,0,50,tx,2025ssnaxa,",tx2025ssnaxa,",",tx,",",origin,phase-data,",23,0.2,0.4,60.0,ml,earthquake,"M 1.8 - 22 km NNW of Fowlerton, Texas"
ci40448426,-117.7926667,35.3461667,6.49,1.06,"15 km WSW of Johannesburg, CA",1758588467430,1758643856432,,https://earthquake.usgs.gov/earthquakes/eventpage/ci40448426,https://earthquake.usgs.gov/earthquakes/feed/v1.0/detail/ci40448426.geojson,,,,,automatic,0,17,ci,40448426,",ci40448426,",",ci,",",nearby-cities,origin,phase-data,scitech-link,",42,0.08979,0.18,49.0,ml,earthquake,"M 1.1 - 15 km WSW of Johannesburg, CA"
ci40448418,-115.7301667,32.6471667,6.12,1.85,"16 km WNW of Progreso, B.C., MX",1758587761010,1758642803983,,https://earthquake.usgs.gov/earthquakes/eventpage/ci40448418,https://earthquake.usgs.gov/earthquakes/feed/v1.0/detail/ci40448418.geojson,,,,,reviewed,0,53,ci,40448418,",ci40448418,",",ci,",",nearby-cities,origin,phase-data,scitech-link,",39,0.003855,0.24,49.0,ml,earthquake,"M 1.9 - 16 km WNW of Progreso, B.C., MX"
ci40448410,-118.106,34.5176667,10.0,0.91,"2 km NNE of Vincent, CA",1758587045950,1758643687719,,https://earthquake.usgs.gov/earthquakes/eventpage/ci40448410,https://earthquake.usgs.gov/earthquakes/feed/v1.0/detail/ci40448410.geojson,,,,,automatic,0,13,ci,40448410,",ci40448410,",",ci,",",nearby-cities,origin,phase-data,scitech-link,",20,0.03401,0.11,49.0,ml,earthquake,"M 0.9 - 2 km NNE of Vincent, CA"
nc75240687,-122.763999938965,38.7928352355957,3.3199999332428,0.77,"2 km  of The Geysers, CA",1758586448340,1758591139590,,https://earthquake.usgs.gov/earthquakes/eventpage/nc75240687,https://earthquake.usgs.gov/earthquakes/feed/v1.0/detail/nc75240687.geojson,,,,,automatic,0,9,nc,75240687,",nc75240687,",",nc,",",nearby-cities,origin,phase-data,scitech-link,",11,0.008469,0.02,87.0,md,earthquake,"M 0.8 - 2 km  of The Geysers, CA"
ci40448402,-116.3841667,33.4208333,10.65,0.84,"18 km N of Borrego Springs, CA",1758585874180,1758643551248,,https://earthquake.usgs.gov/earthquakes/eventpage/ci40448402,https://earthquake.usgs.gov/earthquakes/feed/v1.0/detail/ci40448402.geojson,,,,,automatic,0,11,ci,40448402,",ci40448402,",",ci,",",nearby-cities,origin,phase-data,scitech-link,",44,0.08539,0.22,71.0,ml,earthquake,"M 0.8 - 18 km N of Borrego Springs, CA"
ci40448394,-117.491,35.684,6.21,0.66,"12 km SW of Searles Valley, CA",1758585830500,1758643372965,,https://earthquake.usgs.gov/earthquakes/eventpage/ci40448394,https://earthquake.usgs.gov/earthquakes/feed/v1.0/detail/ci40448394.geojson,,,,,automatic,0,7,ci,40448394,",ci40448394,",",ci,",",nearby-cities,origin,phase-data,scitech-link,",25,0.05794,0.14,69.0,ml,earthquake,"M 0.7 - 12 km SW of Searles Valley, CA"
